,st_time,t10s,t20m
0,2016-01-01 00:00:38,7,2
1,2016-01-01 00:01:38,2,2
2,2016-01-01 00:02:38,2,2
3,2016-01-01 00:03:38,1,2
4,2016-01-01 00:04:38,2,2
5,2016-01-01 00:05:38,7,2
6,2016-01-01 00:06:38,2,2
7,2016-01-01 00:07:38,2,2
8,2016-01-01 00:08:38,2,2
9,2016-01-01 00:09:38,2,2
10,2016-01-01 00:10:38,2,2
11,2016-01-01 00:11:38,1,2
12,2016-01-01 00:12:38,2,2
13,2016-01-01 00:13:38,2,2
14,2016-01-01 00:14:38,2,2
15,2016-01-01 00:15:38,2,2
16,2016-01-01 00:16:38,2,2
17,2016-01-01 00:17:38,4,2
18,2016-01-01 00:18:38,2,2
19,2016-01-01 00:19:38,1,2
20,2016-01-01 00:20:38,2,2
21,2016-01-01 00:21:38,2,2
22,2016-01-01 00:22:38,2,2
23,2016-01-01 00:23:38,1,2
24,2016-01-01 00:24:38,1,2
25,2016-01-01 00:25:38,2,2
26,2016-01-01 00:26:38,2,2
27,2016-01-01 00:27:38,2,2
28,2016-01-01 00:28:38,2,2
29,2016-01-01 00:29:38,1,2
30,2016-01-01 00:30:38,2,2
31,2016-01-01 00:31:38,2,2
32,2016-01-01 00:32:38,2,2
33,2016-01-01 00:33:38,2,2
34,2016-01-01 00:34:38,2,2
35,2016-01-01 00:35:38,3,2
36,2016-01-01 00:36:38,1,2
37,2016-01-01 00:37:38,2,2
38,2016-01-01 00:38:38,2,2
39,2016-01-01 00:39:38,1,2
40,2016-01-01 00:40:38,3,2
41,2016-01-01 00:41:38,2,2
42,2016-01-01 00:42:38,2,2
43,2016-01-01 00:43:38,2,2
44,2016-01-01 00:44:38,2,2
45,2016-01-01 00:45:38,2,2
46,2016-01-01 00:46:38,2,2
47,2016-01-01 00:47:38,1,2
48,2016-01-01 00:48:38,2,2
49,2016-01-01 00:49:38,2,2
50,2016-01-01 00:50:38,3,2
51,2016-01-01 00:51:38,1,2
52,2016-01-01 00:52:38,2,2
53,2016-01-01 00:53:38,1,2
54,2016-01-01 00:54:38,2,2
55,2016-01-01 00:55:38,3,2
56,2016-01-01 00:56:38,2,2
57,2016-01-01 00:57:38,2,2
58,2016-01-01 00:58:38,2,2
59,2016-01-01 00:59:38,1,2
60,2016-01-01 01:00:38,6,2
61,2016-01-01 01:01:38,2,2
62,2016-01-01 01:02:38,2,2
63,2016-01-01 01:03:38,2,2
64,2016-01-01 01:04:38,2,2
65,2016-01-01 01:05:38,3,2
66,2016-01-01 01:06:38,2,2
67,2016-01-01 01:07:38,2,2
68,2016-01-01 01:08:38,1,2
69,2016-01-01 01:09:38,2,2
70,2016-01-01 01:10:38,3,2
71,2016-01-01 01:11:38,2,2
72,2016-01-01 01:12:38,2,2
73,2016-01-01 01:13:38,1,2
74,2016-01-01 01:14:38,2,2
75,2016-01-01 01:15:38,3,2
76,2016-01-01 01:16:38,2,2
77,2016-01-01 01:17:38,2,2
78,2016-01-01 01:18:38,1,2
79,2016-01-01 01:19:38,2,2
80,2016-01-01 01:20:38,3,2
81,2016-01-01 01:21:38,2,2
82,2016-01-01 01:22:38,2,2
83,2016-01-01 01:23:38,2,2
84,2016-01-01 01:24:38,2,2
85,2016-01-01 01:25:38,4,2
86,2016-01-01 01:26:38,2,2
87,2016-01-01 01:27:38,2,2
88,2016-01-01 01:28:38,2,2
89,2016-01-01 01:29:38,2,2
90,2016-01-01 01:30:38,4,2
91,2016-01-01 01:31:38,2,2
92,2016-01-01 01:32:38,4,2
93,2016-01-01 01:33:39,1,2
94,2016-01-01 01:34:39,2,2
95,2016-01-01 01:35:39,3,2
96,2016-01-01 01:36:39,2,2
97,2016-01-01 01:37:39,2,2
98,2016-01-01 01:38:39,1,2
99,2016-01-01 01:39:39,2,2
100,2016-01-01 01:40:39,3,2
101,2016-01-01 01:41:39,2,2
102,2016-01-01 01:42:39,3,2
103,2016-01-01 01:43:39,2,2
104,2016-01-01 01:44:39,2,2
105,2016-01-01 01:45:39,4,2
106,2016-01-01 01:46:39,2,2
107,2016-01-01 01:47:39,2,2
108,2016-01-01 01:48:39,2,2
109,2016-01-01 01:49:39,1,2
110,2016-01-01 01:50:39,4,2
111,2016-01-01 01:51:39,9,2
112,2016-01-01 01:52:39,3,2
113,2016-01-01 01:53:39,2,2
114,2016-01-01 01:54:39,1,2
115,2016-01-01 01:55:39,4,2
116,2016-01-01 01:56:39,2,2
117,2016-01-01 01:57:39,2,2
118,2016-01-01 01:58:39,2,2
119,2016-01-01 01:59:39,1,2
120,2016-01-01 02:00:39,3,2
121,2016-01-01 02:01:39,1,2
122,2016-01-01 02:02:39,1,2
123,2016-01-01 02:03:39,2,2
124,2016-01-01 02:04:39,2,2
125,2016-01-01 02:05:39,4,2
126,2016-01-01 02:06:39,2,2
127,2016-01-01 02:07:39,2,2
128,2016-01-01 02:08:39,2,2
129,2016-01-01 02:09:39,2,2
130,2016-01-01 02:10:39,4,2
131,2016-01-01 02:11:39,2,2
132,2016-01-01 02:12:39,2,2
133,2016-01-01 02:13:39,2,2
134,2016-01-01 02:14:39,2,2
135,2016-01-01 02:15:38,8,2
136,2016-01-01 02:16:38,2,2
137,2016-01-01 02:17:38,2,2
138,2016-01-01 02:18:38,2,2
139,2016-01-01 02:19:38,2,2
140,2016-01-01 02:20:38,4,2
141,2016-01-01 02:21:38,2,2
142,2016-01-01 02:22:38,3,2
143,2016-01-01 02:23:38,2,2
144,2016-01-01 02:24:38,2,2
145,2016-01-01 02:25:38,4,2
146,2016-01-01 02:26:38,7,2
147,2016-01-01 02:27:38,4,2
148,2016-01-01 02:28:38,2,2
149,2016-01-01 02:29:38,1,2
150,2016-01-01 02:30:38,4,2
151,2016-01-01 02:31:38,1,2
152,2016-01-01 02:32:38,2,2
153,2016-01-01 02:33:38,2,2
154,2016-01-01 02:34:38,2,2
155,2016-01-01 02:35:38,4,2
156,2016-01-01 02:36:38,2,2
157,2016-01-01 02:37:38,2,2
158,2016-01-01 02:38:38,2,2
159,2016-01-01 02:39:38,2,2
160,2016-01-01 02:40:38,4,2
161,2016-01-01 02:41:38,2,2
162,2016-01-01 02:42:38,2,2
163,2016-01-01 02:43:38,1,2
164,2016-01-01 02:44:38,2,2
165,2016-01-01 02:45:38,5,2
166,2016-01-01 02:46:38,2,2
167,2016-01-01 02:47:38,4,2
168,2016-01-01 02:48:38,1,2
169,2016-01-01 02:49:38,2,2
170,2016-01-01 02:50:38,5,2
171,2016-01-01 02:51:38,1,2
172,2016-01-01 02:52:38,2,2
173,2016-01-01 02:53:38,1,2
174,2016-01-01 02:54:38,1,2
175,2016-01-01 02:55:38,3,2
176,2016-01-01 02:56:38,2,2
177,2016-01-01 02:57:39,2,2
178,2016-01-01 02:58:39,2,2
179,2016-01-01 02:59:39,2,2
180,2016-01-01 03:00:39,5,2
181,2016-01-01 03:01:39,2,2
182,2016-01-01 03:02:39,1,2
183,2016-01-01 03:03:39,2,2
184,2016-01-01 03:04:39,2,2
185,2016-01-01 03:05:39,4,2
186,2016-01-01 03:06:38,1,2
187,2016-01-01 03:07:38,2,2
188,2016-01-01 03:08:38,2,2
189,2016-01-01 03:09:38,2,2
190,2016-01-01 03:10:38,3,2
191,2016-01-01 03:11:38,1,2
192,2016-01-01 03:12:38,2,2
193,2016-01-01 03:13:38,2,2
194,2016-01-01 03:14:39,2,2
195,2016-01-01 03:15:38,4,2
196,2016-01-01 03:16:38,2,2
197,2016-01-01 03:17:38,2,2
198,2016-01-01 03:18:38,1,2
199,2016-01-01 03:19:38,2,2
200,2016-01-01 03:20:38,5,2
201,2016-01-01 03:21:38,2,2
202,2016-01-01 03:22:38,2,2
203,2016-01-01 03:23:38,1,2
204,2016-01-01 03:24:38,1,2
205,2016-01-01 03:25:38,5,2
206,2016-01-01 03:26:38,1,2
207,2016-01-01 03:27:38,1,2
208,2016-01-01 03:28:38,2,2
209,2016-01-01 03:29:38,1,2
210,2016-01-01 03:30:38,9,2
211,2016-01-01 03:31:38,2,2
212,2016-01-01 03:32:38,1,2
213,2016-01-01 03:33:38,2,2
214,2016-01-01 03:34:38,2,2
215,2016-01-01 03:35:38,5,2
216,2016-01-01 03:36:38,1,2
217,2016-01-01 03:37:38,2,2
218,2016-01-01 03:38:38,2,2
219,2016-01-01 03:39:38,1,2
220,2016-01-01 03:40:38,5,2
221,2016-01-01 03:41:38,1,2
222,2016-01-01 03:42:38,2,2
223,2016-01-01 03:43:38,2,2
224,2016-01-01 03:44:38,2,2
225,2016-01-01 03:45:38,5,2
226,2016-01-01 03:46:38,2,2
227,2016-01-01 03:47:38,3,2
228,2016-01-01 03:48:38,2,2
229,2016-01-01 03:49:38,2,2
230,2016-01-01 03:50:38,6,2
231,2016-01-01 03:51:38,1,2
232,2016-01-01 03:52:38,2,2
233,2016-01-01 03:53:38,2,2
234,2016-01-01 03:54:38,2,2
235,2016-01-01 03:55:38,5,2
236,2016-01-01 03:56:38,2,2
237,2016-01-01 03:57:38,2,2
238,2016-01-01 03:58:38,2,2
239,2016-01-01 03:59:38,2,2
240,2016-01-01 04:01:19,2,2
241,2016-01-01 04:02:19,1,2
242,2016-01-01 04:03:19,1,2
243,2016-01-01 04:04:19,1,2
244,2016-01-01 04:05:18,1,2
245,2016-01-01 04:06:18,1,2
246,2016-01-01 04:07:18,2,2
247,2016-01-01 04:08:18,2,2
248,2016-01-01 04:09:18,2,2
249,2016-01-01 04:10:18,2,2
250,2016-01-01 04:11:18,1,2
251,2016-01-01 04:12:18,2,2
252,2016-01-01 04:13:18,2,2
253,2016-01-01 04:14:18,2,2
254,2016-01-01 04:15:18,1,2
255,2016-01-01 04:16:18,2,2
256,2016-01-01 04:17:18,2,2
257,2016-01-01 04:18:18,2,2
258,2016-01-01 04:19:18,2,2
259,2016-01-01 04:20:18,1,2
260,2016-01-01 04:21:18,1,2
261,2016-01-01 04:22:18,2,2
262,2016-01-01 04:23:18,1,2
263,2016-01-01 04:24:18,3,2
264,2016-01-01 04:25:18,2,2
265,2016-01-01 04:26:18,1,2
266,2016-01-01 04:27:18,1,2
267,2016-01-01 04:28:18,1,2
268,2016-01-01 04:29:18,2,2
269,2016-01-01 04:30:18,2,2
270,2016-01-01 04:31:18,2,2
271,2016-01-01 04:32:17,2,2
272,2016-01-01 04:33:17,2,2
273,2016-01-01 04:34:17,2,2
274,2016-01-01 04:35:16,2,2
275,2016-01-01 04:36:16,2,2
276,2016-01-01 04:37:16,2,2
277,2016-01-01 04:38:16,2,2
278,2016-01-01 04:39:16,1,2
279,2016-01-01 04:40:16,2,2
280,2016-01-01 04:41:16,1,2
281,2016-01-01 04:42:16,2,2
282,2016-01-01 04:43:16,2,2
283,2016-01-01 04:44:17,2,2
284,2016-01-01 04:45:17,2,2
285,2016-01-01 04:46:17,1,2
286,2016-01-01 04:47:17,2,2
287,2016-01-01 04:48:17,2,2
288,2016-01-01 04:49:17,2,2
289,2016-01-01 04:50:17,1,2
290,2016-01-01 04:51:17,2,2
291,2016-01-01 04:52:17,1,2
292,2016-01-01 04:53:17,2,2
293,2016-01-01 04:54:17,2,2
294,2016-01-01 04:55:17,2,2
295,2016-01-01 04:56:17,5,2
296,2016-01-01 04:57:17,1,2
297,2016-01-01 04:58:17,2,2
298,2016-01-01 04:59:17,1,2
299,2016-01-01 05:00:17,4,2
300,2016-01-01 05:01:17,7,2
301,2016-01-01 05:02:17,6,2
302,2016-01-01 05:03:20,1,2
303,2016-01-01 05:04:20,2,2
304,2016-01-01 05:05:20,3,2
305,2016-01-01 05:06:20,2,2
306,2016-01-01 05:07:20,2,2
307,2016-01-01 05:08:20,2,2
308,2016-01-01 05:09:19,1,2
309,2016-01-01 05:10:19,2,2
310,2016-01-01 05:11:19,2,2
311,2016-01-01 05:12:19,2,2
312,2016-01-01 05:13:19,2,2
313,2016-01-01 05:14:19,1,2
314,2016-01-01 05:15:19,2,2
315,2016-01-01 05:16:19,2,2
316,2016-01-01 05:17:19,2,2
317,2016-01-01 05:18:19,2,2
318,2016-01-01 05:19:19,2,2
319,2016-01-01 05:20:19,2,2
320,2016-01-01 05:21:19,2,2
321,2016-01-01 05:22:19,3,2
322,2016-01-01 05:23:19,1,2
323,2016-01-01 05:24:19,1,2
324,2016-01-01 05:25:19,2,2
325,2016-01-01 05:26:19,2,2
326,2016-01-01 05:27:19,2,2
327,2016-01-01 05:28:19,1,2
328,2016-01-01 05:29:19,1,2
329,2016-01-01 05:30:19,2,2
330,2016-01-01 05:31:19,2,2
331,2016-01-01 05:32:19,2,2
332,2016-01-01 05:33:19,1,2
333,2016-01-01 05:34:19,2,2
334,2016-01-01 05:35:19,2,2
335,2016-01-01 05:36:19,1,2
336,2016-01-01 05:37:19,2,2
337,2016-01-01 05:38:19,1,2
338,2016-01-01 05:39:19,3,2
339,2016-01-01 05:40:19,1,2
340,2016-01-01 05:41:19,2,2
341,2016-01-01 05:42:19,2,2
342,2016-01-01 05:43:19,2,2
343,2016-01-01 05:44:19,2,2
344,2016-01-01 05:45:19,2,2
345,2016-01-01 05:46:19,2,2
346,2016-01-01 05:47:19,2,2
347,2016-01-01 05:48:19,2,2
348,2016-01-01 05:49:19,2,2
349,2016-01-01 05:50:19,1,2
350,2016-01-01 05:51:19,2,2
351,2016-01-01 05:52:19,2,2
352,2016-01-01 05:53:19,2,2
353,2016-01-01 05:54:19,2,2
354,2016-01-01 05:55:19,2,2
355,2016-01-01 05:56:19,2,2
356,2016-01-01 05:57:19,2,2
357,2016-01-01 05:58:19,1,2
358,2016-01-01 05:59:19,2,2
359,2016-01-01 06:00:19,1,2
360,2016-01-01 06:01:19,1,2
361,2016-01-01 06:02:19,2,2
362,2016-01-01 06:03:19,1,2
363,2016-01-01 06:04:19,2,2
364,2016-01-01 06:05:19,1,2
365,2016-01-01 06:06:19,1,2
366,2016-01-01 06:07:19,2,2
367,2016-01-01 06:08:19,2,2
368,2016-01-01 06:09:19,2,2
369,2016-01-01 06:10:19,2,2
370,2016-01-01 06:11:19,5,2
371,2016-01-01 06:12:19,2,2
372,2016-01-01 06:13:19,2,2
373,2016-01-01 06:14:19,2,2
374,2016-01-01 06:15:19,1,2
375,2016-01-01 06:16:19,2,2
376,2016-01-01 06:17:19,3,2
377,2016-01-01 06:18:19,2,2
378,2016-01-01 06:19:19,2,2
379,2016-01-01 06:20:19,1,2
380,2016-01-01 06:21:19,2,2
381,2016-01-01 06:22:19,2,2
382,2016-01-01 06:23:19,2,2
383,2016-01-01 06:24:19,1,2
384,2016-01-01 06:25:19,2,2
385,2016-01-01 06:26:19,2,2
386,2016-01-01 06:27:19,2,2
387,2016-01-01 06:28:19,2,2
388,2016-01-01 06:29:19,2,2
389,2016-01-01 06:30:19,2,2
390,2016-01-01 06:31:19,1,2
391,2016-01-01 06:32:19,2,2
392,2016-01-01 06:33:19,2,2
393,2016-01-01 06:34:19,2,2
394,2016-01-01 06:35:19,1,2
395,2016-01-01 06:36:19,2,2
396,2016-01-01 06:37:19,1,2
397,2016-01-01 06:38:19,2,2
398,2016-01-01 06:39:19,2,2
399,2016-01-01 06:40:19,2,2
400,2016-01-01 06:41:19,1,2
401,2016-01-01 06:42:19,2,2
402,2016-01-01 06:43:19,2,2
403,2016-01-01 06:44:19,1,2
404,2016-01-01 06:45:19,2,2
405,2016-01-01 06:46:19,2,2
406,2016-01-01 06:47:19,2,2
407,2016-01-01 06:48:19,2,2
408,2016-01-01 06:49:19,2,2
409,2016-01-01 06:50:19,2,2
410,2016-01-01 06:51:19,2,2
411,2016-01-01 06:52:19,2,2
412,2016-01-01 06:53:19,2,2
413,2016-01-01 06:54:19,4,2
414,2016-01-01 06:55:19,2,2
415,2016-01-01 06:56:19,2,2
416,2016-01-01 06:57:19,2,2
417,2016-01-01 06:58:19,2,2
418,2016-01-01 06:59:19,2,2
419,2016-01-01 07:00:19,2,2
420,2016-01-01 07:01:19,2,2
421,2016-01-01 07:02:19,2,2
422,2016-01-01 07:03:19,2,2
423,2016-01-01 07:04:19,2,2
424,2016-01-01 07:05:19,1,2
425,2016-01-01 07:06:19,2,2
426,2016-01-01 07:07:19,1,2
427,2016-01-01 07:08:19,2,2
428,2016-01-01 07:09:19,2,2
429,2016-01-01 07:10:19,2,2
430,2016-01-01 07:11:19,2,2
431,2016-01-01 07:12:19,2,2
432,2016-01-01 07:13:20,1,2
433,2016-01-01 07:14:20,2,2
434,2016-01-01 07:15:20,2,2
435,2016-01-01 07:16:19,2,2
436,2016-01-01 07:17:19,2,2
437,2016-01-01 07:18:19,2,2
438,2016-01-01 07:19:18,2,2
439,2016-01-01 07:20:18,2,2
440,2016-01-01 07:21:18,2,2
441,2016-01-01 07:22:18,2,2
442,2016-01-01 07:23:18,1,2
443,2016-01-01 07:24:18,2,2
444,2016-01-01 07:25:18,2,2
445,2016-01-01 07:26:18,5,2
446,2016-01-01 07:27:18,2,2
447,2016-01-01 07:28:18,2,2
448,2016-01-01 07:29:18,1,2
449,2016-01-01 07:30:18,2,2
450,2016-01-01 07:31:18,2,2
451,2016-01-01 07:32:18,2,2
452,2016-01-01 07:33:18,2,2
453,2016-01-01 07:34:18,2,2
454,2016-01-01 07:35:18,2,2
455,2016-01-01 07:36:18,2,2
456,2016-01-01 07:37:18,2,2
457,2016-01-01 07:38:18,2,2
458,2016-01-01 07:39:18,2,2
459,2016-01-01 07:40:18,2,2
460,2016-01-01 07:41:18,2,2
461,2016-01-01 07:42:18,1,2
462,2016-01-01 07:43:18,2,2
463,2016-01-01 07:44:18,2,2
464,2016-01-01 07:45:18,2,2
465,2016-01-01 07:46:18,2,2
466,2016-01-01 07:47:18,2,2
467,2016-01-01 07:48:18,2,2
468,2016-01-01 07:49:18,2,2
469,2016-01-01 07:50:18,2,2
470,2016-01-01 07:51:18,2,2
471,2016-01-01 07:52:18,1,2
472,2016-01-01 07:53:18,2,2
473,2016-01-01 07:54:18,1,2
474,2016-01-01 07:55:18,1,2
475,2016-01-01 07:56:18,2,2
476,2016-01-01 07:57:18,2,2
477,2016-01-01 07:58:18,2,2
478,2016-01-01 07:59:18,2,2
479,2016-01-01 08:00:17,1,2
480,2016-01-01 08:01:17,2,2
481,2016-01-01 08:02:17,2,2
482,2016-01-01 08:03:17,2,2
483,2016-01-01 08:04:18,1,2
484,2016-01-01 08:05:18,2,2
485,2016-01-01 08:06:18,1,2
486,2016-01-01 08:07:18,2,2
487,2016-01-01 08:08:18,1,2
488,2016-01-01 08:09:18,4,2
489,2016-01-01 08:10:18,2,2
490,2016-01-01 08:11:18,1,2
491,2016-01-01 08:12:18,1,2
492,2016-01-01 08:13:18,1,2
493,2016-01-01 08:14:18,2,2
494,2016-01-01 08:15:18,2,2
495,2016-01-01 08:16:18,2,2
496,2016-01-01 08:17:18,2,2
497,2016-01-01 08:18:18,2,2
498,2016-01-01 08:19:18,2,2
499,2016-01-01 08:20:18,1,2
500,2016-01-01 08:21:18,2,2
501,2016-01-01 08:22:18,1,2
502,2016-01-01 08:23:18,2,2
503,2016-01-01 08:24:18,2,2
504,2016-01-01 08:25:18,1,2
505,2016-01-01 08:26:18,2,2
506,2016-01-01 08:27:18,1,2
507,2016-01-01 08:28:18,2,2
508,2016-01-01 08:29:18,1,2
509,2016-01-01 08:30:18,2,2
510,2016-01-01 08:31:18,2,2
511,2016-01-01 08:32:18,2,2
512,2016-01-01 08:33:19,2,2
513,2016-01-01 08:34:19,2,2
514,2016-01-01 08:35:19,2,2
515,2016-01-01 08:36:19,2,2
516,2016-01-01 08:37:19,2,2
517,2016-01-01 08:38:19,2,2
518,2016-01-01 08:39:19,2,2
519,2016-01-01 08:40:19,2,2
520,2016-01-01 08:41:19,5,2
521,2016-01-01 08:42:19,2,2
522,2016-01-01 08:43:19,2,2
523,2016-01-01 08:44:19,1,2
524,2016-01-01 08:45:19,2,2
525,2016-01-01 08:46:19,2,2
526,2016-01-01 08:47:19,2,2
527,2016-01-01 08:48:19,2,2
528,2016-01-01 08:49:18,2,2
529,2016-01-01 08:50:18,2,2
530,2016-01-01 08:51:18,1,2
531,2016-01-01 08:52:18,1,2
532,2016-01-01 08:53:18,2,2
533,2016-01-01 08:54:19,2,2
534,2016-01-01 08:55:19,2,2
535,2016-01-01 08:56:19,2,2
536,2016-01-01 08:57:19,2,2
537,2016-01-01 08:58:19,1,2
538,2016-01-01 08:59:19,1,2
539,2016-01-01 09:00:19,2,2
540,2016-01-01 09:01:19,1,2
541,2016-01-01 09:02:19,2,2
542,2016-01-01 09:03:19,1,2
543,2016-01-01 09:04:19,1,2
544,2016-01-01 09:05:19,2,2
545,2016-01-01 09:06:19,2,2
546,2016-01-01 09:07:19,2,2
547,2016-01-01 09:08:19,2,2
548,2016-01-01 09:09:19,1,2
549,2016-01-01 09:10:19,1,2
550,2016-01-01 09:11:19,2,2
551,2016-01-01 09:12:19,2,2
552,2016-01-01 09:13:19,2,2
553,2016-01-01 09:14:20,2,2
554,2016-01-01 09:15:20,2,2
555,2016-01-01 09:16:20,2,2
556,2016-01-01 09:17:20,1,2
557,2016-01-01 09:18:20,2,2
558,2016-01-01 09:19:20,2,2
559,2016-01-01 09:20:20,2,2
560,2016-01-01 09:21:20,1,2
561,2016-01-01 09:22:20,2,2
562,2016-01-01 09:23:20,1,2
563,2016-01-01 09:24:20,4,2
564,2016-01-01 09:25:20,1,2
565,2016-01-01 09:26:20,2,2
566,2016-01-01 09:27:20,1,2
567,2016-01-01 09:28:20,2,2
568,2016-01-01 09:29:20,2,2
569,2016-01-01 09:30:20,2,2
570,2016-01-01 09:31:20,2,2
571,2016-01-01 09:32:20,1,2
572,2016-01-01 09:33:20,1,2
573,2016-01-01 09:34:20,2,2
574,2016-01-01 09:35:20,2,2
575,2016-01-01 09:36:20,2,2
576,2016-01-01 09:37:20,2,2
577,2016-01-01 09:38:20,2,2
578,2016-01-01 09:39:20,2,2
579,2016-01-01 09:40:20,1,2
580,2016-01-01 09:41:20,2,2
581,2016-01-01 09:42:20,2,2
582,2016-01-01 09:43:20,2,2
583,2016-01-01 09:44:20,2,2
584,2016-01-01 09:45:20,2,2
585,2016-01-01 09:46:19,2,2
586,2016-01-01 09:47:18,3,2
587,2016-01-01 09:48:18,1,2
588,2016-01-01 09:49:18,2,2
589,2016-01-01 09:50:18,2,2
590,2016-01-01 09:51:18,2,2
591,2016-01-01 09:52:18,2,2
592,2016-01-01 09:53:18,1,2
593,2016-01-01 09:54:18,2,2
594,2016-01-01 09:55:18,2,2
595,2016-01-01 09:56:18,3,2
596,2016-01-01 09:57:18,2,2
597,2016-01-01 09:58:18,2,2
598,2016-01-01 09:59:18,2,2
599,2016-01-01 10:00:18,2,2
600,2016-01-01 10:01:18,1,2
601,2016-01-01 10:02:18,1,2
602,2016-01-01 10:03:18,2,2
603,2016-01-01 10:04:18,2,2
604,2016-01-01 10:05:18,2,2
605,2016-01-01 10:06:18,2,2
606,2016-01-01 10:07:18,2,2
607,2016-01-01 10:08:18,2,2
608,2016-01-01 10:09:18,2,2
609,2016-01-01 10:10:18,1,2
610,2016-01-01 10:11:18,2,2
611,2016-01-01 10:12:18,2,2
612,2016-01-01 10:13:18,2,2
613,2016-01-01 10:14:18,2,2
614,2016-01-01 10:15:18,1,2
615,2016-01-01 10:16:18,2,2
616,2016-01-01 10:17:18,2,2
617,2016-01-01 10:18:18,1,2
618,2016-01-01 10:19:18,1,2
619,2016-01-01 10:20:18,2,2
620,2016-01-01 10:21:18,1,2
621,2016-01-01 10:22:18,1,2
622,2016-01-01 10:23:18,2,2
623,2016-01-01 10:24:18,2,2
624,2016-01-01 10:25:18,1,2
625,2016-01-01 10:26:18,1,2
626,2016-01-01 10:27:18,2,2
627,2016-01-01 10:28:18,2,2
628,2016-01-01 10:29:18,2,2
629,2016-01-01 10:30:18,2,2
630,2016-01-01 10:31:18,2,2
631,2016-01-01 10:32:18,2,2
632,2016-01-01 10:33:17,1,2
633,2016-01-01 10:34:16,2,2
634,2016-01-01 10:35:17,2,2
635,2016-01-01 10:36:17,2,2
636,2016-01-01 10:37:17,2,2
637,2016-01-01 10:38:17,2,2
638,2016-01-01 10:39:17,6,2
639,2016-01-01 10:40:17,2,2
640,2016-01-01 10:41:18,1,2
641,2016-01-01 10:42:18,2,2
642,2016-01-01 10:43:18,2,2
643,2016-01-01 10:44:18,2,2
644,2016-01-01 10:45:18,2,2
645,2016-01-01 10:46:18,2,2
646,2016-01-01 10:47:18,2,2
647,2016-01-01 10:48:18,2,2
648,2016-01-01 10:49:18,2,2
649,2016-01-01 10:50:18,1,2
650,2016-01-01 10:51:18,1,2
651,2016-01-01 10:52:18,2,2
652,2016-01-01 10:53:18,2,2
653,2016-01-01 10:54:18,2,2
654,2016-01-01 10:55:18,2,2
655,2016-01-01 10:56:18,2,2
656,2016-01-01 10:57:18,2,2
657,2016-01-01 10:58:18,2,2
658,2016-01-01 10:59:18,2,2
659,2016-01-01 11:00:17,1,2
660,2016-01-01 11:01:16,2,2
661,2016-01-01 11:02:16,2,2
662,2016-01-01 11:03:16,2,2
663,2016-01-01 11:04:16,2,2
664,2016-01-01 11:05:16,2,2
665,2016-01-01 11:06:16,1,2
666,2016-01-01 11:07:16,2,2
667,2016-01-01 11:08:16,2,2
668,2016-01-01 11:09:16,1,2
669,2016-01-01 11:10:17,1,2
670,2016-01-01 11:11:18,3,2
671,2016-01-01 11:12:18,2,2
672,2016-01-01 11:13:18,2,2
673,2016-01-01 11:14:18,2,2
674,2016-01-01 11:15:18,1,2
675,2016-01-01 11:16:18,1,2
676,2016-01-01 11:17:18,1,2
677,2016-01-01 11:18:18,2,2
678,2016-01-01 11:19:18,2,2
679,2016-01-01 11:20:18,2,2
680,2016-01-01 11:21:18,1,2
681,2016-01-01 11:22:18,3,2
682,2016-01-01 11:23:18,2,2
683,2016-01-01 11:24:18,2,2
684,2016-01-01 11:25:18,2,2
685,2016-01-01 11:26:18,1,2
686,2016-01-01 11:27:18,2,2
687,2016-01-01 11:28:18,2,2
688,2016-01-01 11:29:18,2,2
689,2016-01-01 11:30:18,2,2
690,2016-01-01 11:31:18,2,2
691,2016-01-01 11:32:18,1,2
692,2016-01-01 11:33:18,1,2
693,2016-01-01 11:34:18,2,2
694,2016-01-01 11:35:18,2,2
695,2016-01-01 11:36:18,2,2
696,2016-01-01 11:37:18,2,2
697,2016-01-01 11:38:17,1,2
698,2016-01-01 11:39:17,2,2
699,2016-01-01 11:40:17,2,2
700,2016-01-01 11:41:17,2,2
701,2016-01-01 11:42:17,2,2
702,2016-01-01 11:43:17,1,2
703,2016-01-01 11:44:17,2,2
704,2016-01-01 11:45:17,2,2
705,2016-01-01 11:46:17,2,2
706,2016-01-01 11:47:17,2,2
707,2016-01-01 11:48:17,2,2
708,2016-01-01 11:49:17,2,2
709,2016-01-01 11:50:17,2,2
710,2016-01-01 11:51:17,2,2
711,2016-01-01 11:52:17,1,2
712,2016-01-01 11:53:17,1,2
713,2016-01-01 11:54:17,4,2
714,2016-01-01 11:55:17,1,2
715,2016-01-01 11:56:17,1,2
716,2016-01-01 11:57:17,2,2
717,2016-01-01 11:58:17,2,2
718,2016-01-01 11:59:17,1,2
719,2016-01-01 12:00:17,2,2
720,2016-01-01 12:01:17,2,2
721,2016-01-01 12:02:17,2,2
722,2016-01-01 12:03:17,1,2
723,2016-01-01 12:04:17,2,2
724,2016-01-01 12:05:17,2,2
725,2016-01-01 12:06:17,1,2
726,2016-01-01 12:07:17,2,2
727,2016-01-01 12:08:17,2,2
728,2016-01-01 12:09:17,2,2
729,2016-01-01 12:10:17,2,2
730,2016-01-01 12:11:17,2,2
731,2016-01-01 12:12:17,2,2
732,2016-01-01 12:13:17,2,2
733,2016-01-01 12:14:17,2,2
734,2016-01-01 12:15:17,2,2
735,2016-01-01 12:16:17,2,2
736,2016-01-01 12:17:17,1,2
737,2016-01-01 12:18:17,2,2
738,2016-01-01 12:19:17,2,2
739,2016-01-01 12:20:17,2,2
740,2016-01-01 12:21:17,2,2
741,2016-01-01 12:22:17,2,2
742,2016-01-01 12:23:17,1,2
743,2016-01-01 12:24:17,1,2
744,2016-01-01 12:25:17,1,2
745,2016-01-01 12:26:18,2,2
746,2016-01-01 12:27:18,2,2
747,2016-01-01 12:28:18,2,2
748,2016-01-01 12:29:18,2,2
749,2016-01-01 12:30:18,2,2
750,2016-01-01 12:31:18,2,2
751,2016-01-01 12:32:18,2,2
752,2016-01-01 12:33:19,2,2
753,2016-01-01 12:34:19,2,2
754,2016-01-01 12:35:19,2,2
755,2016-01-01 12:36:19,2,2
756,2016-01-01 12:37:19,1,2
757,2016-01-01 12:38:19,1,2
758,2016-01-01 12:39:19,1,2
759,2016-01-01 12:40:19,2,2
760,2016-01-01 12:41:19,2,2
761,2016-01-01 12:42:19,2,2
762,2016-01-01 12:43:19,1,2
763,2016-01-01 12:44:19,2,2
764,2016-01-01 12:45:19,2,2
765,2016-01-01 12:46:19,2,2
766,2016-01-01 12:47:19,1,2
767,2016-01-01 12:48:19,2,2
768,2016-01-01 12:49:19,2,2
769,2016-01-01 12:50:19,2,2
770,2016-01-01 12:51:19,2,2
771,2016-01-01 12:52:19,2,2
772,2016-01-01 12:53:19,2,2
773,2016-01-01 12:54:19,2,2
774,2016-01-01 12:55:19,2,2
775,2016-01-01 12:56:19,2,2
776,2016-01-01 12:57:19,2,2
777,2016-01-01 12:58:20,1,2
778,2016-01-01 12:59:20,1,2
779,2016-01-01 13:00:20,2,2
780,2016-01-01 13:01:20,2,2
781,2016-01-01 13:02:20,3,2
782,2016-01-01 13:03:20,2,2
783,2016-01-01 13:04:20,1,2
784,2016-01-01 13:05:20,1,2
785,2016-01-01 13:06:20,2,2
786,2016-01-01 13:07:20,2,2
787,2016-01-01 13:08:21,2,2
788,2016-01-01 13:09:21,4,2
789,2016-01-01 13:10:21,2,2
790,2016-01-01 13:11:21,2,2
791,2016-01-01 13:12:21,2,2
792,2016-01-01 13:13:21,2,2
793,2016-01-01 13:14:21,2,2
794,2016-01-01 13:15:21,2,2
795,2016-01-01 13:16:21,2,2
796,2016-01-01 13:17:21,2,2
797,2016-01-01 13:18:21,2,2
798,2016-01-01 13:19:21,2,2
799,2016-01-01 13:20:21,2,2
800,2016-01-01 13:21:21,2,2
801,2016-01-01 13:22:21,2,2
802,2016-01-01 13:23:21,2,2
803,2016-01-01 13:24:21,2,2
804,2016-01-01 13:25:21,2,2
805,2016-01-01 13:26:21,1,2
806,2016-01-01 13:27:21,2,2
807,2016-01-01 13:28:21,2,2
808,2016-01-01 13:29:21,1,2
809,2016-01-01 13:30:21,2,2
810,2016-01-01 13:31:21,2,2
811,2016-01-01 13:32:21,3,2
812,2016-01-01 13:33:21,2,2
813,2016-01-01 13:34:21,2,2
814,2016-01-01 13:35:21,2,2
815,2016-01-01 13:36:21,2,2
816,2016-01-01 13:37:21,1,2
817,2016-01-01 13:38:21,1,2
818,2016-01-01 13:39:20,2,2
819,2016-01-01 13:40:20,2,2
820,2016-01-01 13:41:20,3,2
821,2016-01-01 13:42:20,2,2
822,2016-01-01 13:43:21,1,2
823,2016-01-01 13:44:21,2,2
824,2016-01-01 13:45:21,2,2
825,2016-01-01 13:46:21,2,2
826,2016-01-01 13:47:21,2,2
827,2016-01-01 13:48:21,2,2
828,2016-01-01 13:49:21,2,2
829,2016-01-01 13:50:21,2,2
830,2016-01-01 13:51:21,2,2
831,2016-01-01 13:52:21,1,2
832,2016-01-01 13:53:21,2,2
833,2016-01-01 13:54:21,1,2
834,2016-01-01 13:55:21,2,2
835,2016-01-01 13:56:21,1,2
836,2016-01-01 13:57:21,2,2
837,2016-01-01 13:58:21,2,2
838,2016-01-01 13:59:22,1,2
839,2016-01-01 14:00:22,2,2
840,2016-01-01 14:01:22,2,2
841,2016-01-01 14:02:22,2,2
842,2016-01-01 14:03:23,2,2
843,2016-01-01 14:04:23,3,2
844,2016-01-01 14:05:23,1,2
845,2016-01-01 14:06:23,2,2
846,2016-01-01 14:07:23,1,2
847,2016-01-01 14:08:23,2,2
848,2016-01-01 14:09:23,2,2
849,2016-01-01 14:10:23,2,2
850,2016-01-01 14:11:23,2,2
851,2016-01-01 14:12:23,2,2
852,2016-01-01 14:13:23,2,2
853,2016-01-01 14:14:23,2,2
854,2016-01-01 14:15:23,1,2
855,2016-01-01 14:16:23,2,2
856,2016-01-01 14:17:23,2,2
857,2016-01-01 14:18:23,1,2
858,2016-01-01 14:19:23,2,2
859,2016-01-01 14:20:23,2,2
860,2016-01-01 14:21:23,2,2
861,2016-01-01 14:22:23,2,2
862,2016-01-01 14:23:23,1,2
863,2016-01-01 14:24:23,3,2
864,2016-01-01 14:25:23,2,2
865,2016-01-01 14:26:23,3,2
866,2016-01-01 14:27:23,3,2
867,2016-01-01 14:28:23,2,2
868,2016-01-01 14:29:23,2,2
869,2016-01-01 14:30:23,2,2
870,2016-01-01 14:31:23,2,2
871,2016-01-01 14:32:23,2,2
872,2016-01-01 14:33:23,1,2
873,2016-01-01 14:34:23,2,2
874,2016-01-01 14:35:23,1,2
875,2016-01-01 14:36:23,2,2
876,2016-01-01 14:37:23,2,2
877,2016-01-01 14:38:23,2,2
878,2016-01-01 14:39:23,2,2
879,2016-01-01 14:40:23,2,2
880,2016-01-01 14:41:23,2,2
881,2016-01-01 14:42:23,2,2
882,2016-01-01 14:43:23,2,2
883,2016-01-01 14:44:23,2,2
884,2016-01-01 14:45:23,1,2
885,2016-01-01 14:46:23,2,2
886,2016-01-01 14:47:23,2,2
887,2016-01-01 14:48:23,1,2
888,2016-01-01 14:49:23,1,2
889,2016-01-01 14:50:23,1,2
890,2016-01-01 14:51:23,2,2
891,2016-01-01 14:52:23,2,2
892,2016-01-01 14:53:23,2,2
893,2016-01-01 14:54:23,2,2
894,2016-01-01 14:55:23,2,2
895,2016-01-01 14:56:23,4,2
896,2016-01-01 14:57:23,1,2
897,2016-01-01 14:58:23,2,2
898,2016-01-01 14:59:23,2,2
899,2016-01-01 15:00:23,2,2
900,2016-01-01 15:01:23,2,2
901,2016-01-01 15:02:23,2,2
902,2016-01-01 15:03:23,2,2
903,2016-01-01 15:04:23,2,2
904,2016-01-01 15:05:23,2,2
905,2016-01-01 15:06:23,2,2
906,2016-01-01 15:07:23,2,2
907,2016-01-01 15:08:23,1,2
908,2016-01-01 15:09:23,2,2
909,2016-01-01 15:10:23,2,2
910,2016-01-01 15:11:23,1,2
911,2016-01-01 15:12:23,2,2
912,2016-01-01 15:13:23,2,2
913,2016-01-01 15:14:23,2,2
914,2016-01-01 15:15:23,2,2
915,2016-01-01 15:16:23,2,2
916,2016-01-01 15:17:23,2,2
917,2016-01-01 15:18:23,1,2
918,2016-01-01 15:19:22,2,2
919,2016-01-01 15:20:22,2,2
920,2016-01-01 15:21:22,2,2
921,2016-01-01 15:22:22,3,2
922,2016-01-01 15:23:23,1,2
923,2016-01-01 15:24:23,2,2
924,2016-01-01 15:25:23,1,2
925,2016-01-01 15:26:23,2,2
926,2016-01-01 15:27:23,3,2
927,2016-01-01 15:28:23,2,2
928,2016-01-01 15:29:23,2,2
929,2016-01-01 15:30:23,2,2
930,2016-01-01 15:31:23,2,2
931,2016-01-01 15:32:23,2,2
932,2016-01-01 15:33:23,2,2
933,2016-01-01 15:34:23,2,2
934,2016-01-01 15:35:23,2,2
935,2016-01-01 15:36:23,2,2
936,2016-01-01 15:37:23,1,2
937,2016-01-01 15:38:23,2,2
938,2016-01-01 15:39:23,5,2
939,2016-01-01 15:40:23,2,2
940,2016-01-01 15:41:23,1,2
941,2016-01-01 15:42:23,2,2
942,2016-01-01 15:43:23,2,2
943,2016-01-01 15:44:23,2,2
944,2016-01-01 15:45:23,2,2
945,2016-01-01 15:46:23,2,2
946,2016-01-01 15:47:23,2,2
947,2016-01-01 15:48:23,2,2
948,2016-01-01 15:49:23,1,2
949,2016-01-01 15:50:23,2,2
950,2016-01-01 15:51:23,1,2
951,2016-01-01 15:52:23,1,2
952,2016-01-01 15:53:23,2,2
953,2016-01-01 15:54:23,2,2
954,2016-01-01 15:55:23,2,2
955,2016-01-01 15:56:23,2,2
956,2016-01-01 15:57:23,2,2
957,2016-01-01 15:58:23,1,2
958,2016-01-01 15:59:23,1,2
959,2016-01-01 16:00:23,1,2
960,2016-01-01 16:01:23,2,2
961,2016-01-01 16:02:23,2,2
962,2016-01-01 16:03:23,2,2
963,2016-01-01 16:04:23,2,2
964,2016-01-01 16:05:23,2,2
965,2016-01-01 16:06:23,1,2
966,2016-01-01 16:07:23,2,2
967,2016-01-01 16:08:23,2,2
968,2016-01-01 16:09:23,2,2
969,2016-01-01 16:10:23,2,2
970,2016-01-01 16:11:23,4,2
971,2016-01-01 16:12:23,2,2
972,2016-01-01 16:13:23,2,2
973,2016-01-01 16:14:23,2,2
974,2016-01-01 16:15:23,1,2
975,2016-01-01 16:16:22,2,2
976,2016-01-01 16:17:21,2,2
977,2016-01-01 16:18:21,2,2
978,2016-01-01 16:19:21,2,2
979,2016-01-01 16:20:21,2,2
980,2016-01-01 16:21:21,1,2
981,2016-01-01 16:22:21,2,2
982,2016-01-01 16:23:21,2,2
983,2016-01-01 16:24:21,2,2
984,2016-01-01 16:25:21,2,2
985,2016-01-01 16:26:21,1,2
986,2016-01-01 16:27:21,2,2
987,2016-01-01 16:28:21,2,2
988,2016-01-01 16:29:21,1,2
989,2016-01-01 16:30:21,2,2
990,2016-01-01 16:31:20,2,2
991,2016-01-01 16:32:19,2,2
992,2016-01-01 16:33:18,2,2
993,2016-01-01 16:34:17,2,2
994,2016-01-01 16:35:17,2,2
995,2016-01-01 16:36:17,2,2
996,2016-01-01 16:37:17,2,2
997,2016-01-01 16:38:17,2,2
998,2016-01-01 16:39:17,1,2
999,2016-01-01 16:40:17,2,2
1000,2016-01-01 16:41:17,2,2
1001,2016-01-01 16:42:17,2,2
1002,2016-01-01 16:43:17,2,2
1003,2016-01-01 16:44:17,2,2
1004,2016-01-01 16:45:18,2,2
1005,2016-01-01 16:46:18,2,2
1006,2016-01-01 16:47:18,1,2
1007,2016-01-01 16:48:18,2,2
1008,2016-01-01 16:49:18,1,2
1009,2016-01-01 16:50:18,2,2
1010,2016-01-01 16:51:18,2,2
1011,2016-01-01 16:52:18,2,2
1012,2016-01-01 16:53:18,2,2
1013,2016-01-01 16:54:18,4,2
1014,2016-01-01 16:55:18,1,2
1015,2016-01-01 16:56:18,1,2
1016,2016-01-01 16:57:18,2,2
1017,2016-01-01 16:58:18,2,2
1018,2016-01-01 16:59:18,2,2
1019,2016-01-01 17:00:18,2,2
1020,2016-01-01 17:01:18,2,2
1021,2016-01-01 17:02:17,2,2
1022,2016-01-01 17:03:17,2,2
1023,2016-01-01 17:04:17,2,2
1024,2016-01-01 17:05:16,2,2
1025,2016-01-01 17:06:16,2,2
1026,2016-01-01 17:07:16,3,2
1027,2016-01-01 17:08:16,1,2
1028,2016-01-01 17:09:16,2,2
1029,2016-01-01 17:10:16,2,2
1030,2016-01-01 17:11:16,2,2
1031,2016-01-01 17:12:16,2,2
1032,2016-01-01 17:13:16,2,2
1033,2016-01-01 17:14:16,1,2
1034,2016-01-01 17:15:18,1,2
1035,2016-01-01 17:16:18,2,2
1036,2016-01-01 17:17:18,2,2
1037,2016-01-01 17:18:18,2,2
1038,2016-01-01 17:19:18,2,2
1039,2016-01-01 17:20:18,2,2
1040,2016-01-01 17:21:18,2,2
1041,2016-01-01 17:22:18,2,2
1042,2016-01-01 17:23:18,2,2
1043,2016-01-01 17:24:18,2,2
1044,2016-01-01 17:25:18,2,2
1045,2016-01-01 17:26:18,2,2
1046,2016-01-01 17:27:18,2,2
1047,2016-01-01 17:28:18,2,2
1048,2016-01-01 17:29:18,2,2
1049,2016-01-01 17:30:18,2,2
1050,2016-01-01 17:31:18,2,2
1051,2016-01-01 17:32:18,2,2
1052,2016-01-01 17:33:19,1,2
1053,2016-01-01 17:34:19,2,2
1054,2016-01-01 17:35:19,2,2
1055,2016-01-01 17:36:19,1,2
1056,2016-01-01 17:37:19,4,2
1057,2016-01-01 17:38:19,2,2
1058,2016-01-01 17:39:19,2,2
1059,2016-01-01 17:40:19,2,2
1060,2016-01-01 17:41:19,2,2
1061,2016-01-01 17:42:19,2,2
1062,2016-01-01 17:43:19,2,2
1063,2016-01-01 17:44:19,2,2
1064,2016-01-01 17:45:18,2,2
1065,2016-01-01 17:46:18,1,2
1066,2016-01-01 17:47:18,2,2
1067,2016-01-01 17:48:18,2,2
1068,2016-01-01 17:49:18,1,2
1069,2016-01-01 17:50:18,1,2
1070,2016-01-01 17:51:18,2,2
1071,2016-01-01 17:52:18,2,2
1072,2016-01-01 17:53:18,2,2
1073,2016-01-01 17:54:17,2,2
1074,2016-01-01 17:55:18,2,2
1075,2016-01-01 17:56:18,1,2
1076,2016-01-01 17:57:18,2,2
1077,2016-01-01 17:58:18,2,2
1078,2016-01-01 17:59:18,2,2
1079,2016-01-01 18:00:18,1,2
1080,2016-01-01 18:01:18,1,2
1081,2016-01-01 18:02:18,2,2
1082,2016-01-01 18:03:18,2,2
1083,2016-01-01 18:04:18,2,2
1084,2016-01-01 18:05:18,1,2
1085,2016-01-01 18:06:17,2,2
1086,2016-01-01 18:07:17,2,2
1087,2016-01-01 18:08:17,1,2
1088,2016-01-01 18:09:17,4,2
1089,2016-01-01 18:10:16,2,2
1090,2016-01-01 18:11:16,2,2
1091,2016-01-01 18:12:16,2,2
1092,2016-01-01 18:13:16,2,2
1093,2016-01-01 18:14:16,2,2
1094,2016-01-01 18:15:16,2,2
1095,2016-01-01 18:16:16,2,2
1096,2016-01-01 18:17:16,2,2
1097,2016-01-01 18:18:16,2,2
1098,2016-01-01 18:19:16,2,2
1099,2016-01-01 18:20:16,2,2
1100,2016-01-01 18:21:16,2,2
1101,2016-01-01 18:22:16,2,2
1102,2016-01-01 18:23:16,2,2
1103,2016-01-01 18:24:16,2,2
1104,2016-01-01 18:25:16,2,2
1105,2016-01-01 18:26:16,2,2
1106,2016-01-01 18:27:16,2,2
1107,2016-01-01 18:28:16,2,2
1108,2016-01-01 18:29:16,2,2
1109,2016-01-01 18:30:16,2,2
1110,2016-01-01 18:31:16,2,2
1111,2016-01-01 18:32:16,2,2
1112,2016-01-01 18:33:16,2,2
1113,2016-01-01 18:34:17,2,2
1114,2016-01-01 18:35:17,1,2
1115,2016-01-01 18:36:17,2,2
1116,2016-01-01 18:37:17,2,2
1117,2016-01-01 18:38:17,2,2
1118,2016-01-01 18:39:21,1,2
1119,2016-01-01 18:40:21,2,2
1120,2016-01-01 18:41:21,2,2
1121,2016-01-01 18:42:21,2,2
1122,2016-01-01 18:43:21,2,2
1123,2016-01-01 18:44:21,2,2
1124,2016-01-01 18:45:21,2,2
1125,2016-01-01 18:46:21,2,2
1126,2016-01-01 18:47:21,2,2
1127,2016-01-01 18:48:21,2,2
1128,2016-01-01 18:49:21,1,2
1129,2016-01-01 18:50:21,2,2
1130,2016-01-01 18:51:21,1,2
1131,2016-01-01 18:52:21,2,2
1132,2016-01-01 18:53:21,2,2
1133,2016-01-01 18:54:21,2,2
1134,2016-01-01 18:55:21,2,2
1135,2016-01-01 18:56:21,1,2
1136,2016-01-01 18:57:21,2,2
1137,2016-01-01 18:58:21,2,2
1138,2016-01-01 18:59:21,1,2
1139,2016-01-01 19:00:21,1,2
1140,2016-01-01 19:01:21,1,2
1141,2016-01-01 19:02:21,3,2
1142,2016-01-01 19:03:21,2,2
1143,2016-01-01 19:04:21,2,2
1144,2016-01-01 19:05:21,2,2
1145,2016-01-01 19:06:21,2,2
1146,2016-01-01 19:07:21,2,2
1147,2016-01-01 19:08:21,2,2
1148,2016-01-01 19:09:21,2,2
1149,2016-01-01 19:10:20,2,2
1150,2016-01-01 19:11:19,2,2
1151,2016-01-01 19:12:19,2,2
1152,2016-01-01 19:13:19,2,2
1153,2016-01-01 19:14:19,2,2
1154,2016-01-01 19:15:19,2,2
1155,2016-01-01 19:16:19,2,2
1156,2016-01-01 19:17:19,2,2
1157,2016-01-01 19:18:19,2,2
1158,2016-01-01 19:19:19,2,2
1159,2016-01-01 19:20:19,2,2
1160,2016-01-01 19:21:19,2,2
1161,2016-01-01 19:22:19,2,2
1162,2016-01-01 19:23:19,2,2
1163,2016-01-01 19:24:19,4,2
1164,2016-01-01 19:25:19,2,2
1165,2016-01-01 19:26:19,2,2
1166,2016-01-01 19:27:19,2,2
1167,2016-01-01 19:28:19,1,2
1168,2016-01-01 19:29:19,2,2
1169,2016-01-01 19:30:19,2,2
1170,2016-01-01 19:31:19,2,2
1171,2016-01-01 19:32:19,2,2
1172,2016-01-01 19:33:19,2,2
1173,2016-01-01 19:34:19,2,2
1174,2016-01-01 19:35:19,2,2
1175,2016-01-01 19:36:19,2,2
1176,2016-01-01 19:37:19,1,2
1177,2016-01-01 19:38:19,2,2
1178,2016-01-01 19:39:19,2,2
1179,2016-01-01 19:40:19,2,2
1180,2016-01-01 19:41:20,2,2
1181,2016-01-01 19:42:20,2,2
1182,2016-01-01 19:43:21,2,2
1183,2016-01-01 19:44:21,2,2
1184,2016-01-01 19:45:21,2,2
1185,2016-01-01 19:46:21,2,2
1186,2016-01-01 19:47:21,2,2
1187,2016-01-01 19:48:21,2,2
1188,2016-01-01 19:49:21,1,2
1189,2016-01-01 19:50:21,2,2
1190,2016-01-01 19:51:21,2,2
1191,2016-01-01 19:52:21,2,2
1192,2016-01-01 19:53:21,2,2
1193,2016-01-01 19:54:21,2,2
1194,2016-01-01 19:55:21,2,2
1195,2016-01-01 19:56:21,2,2
1196,2016-01-01 19:57:21,1,2
1197,2016-01-01 19:58:21,1,2
1198,2016-01-01 19:59:21,2,2
1199,2016-01-01 20:00:21,1,2
1200,2016-01-01 20:01:21,1,2
1201,2016-01-01 20:02:21,2,2
1202,2016-01-01 20:03:21,2,2
1203,2016-01-01 20:04:21,2,2
1204,2016-01-01 20:05:21,2,2
1205,2016-01-01 20:06:21,2,2
1206,2016-01-01 20:07:21,3,2
1207,2016-01-01 20:08:20,1,2
1208,2016-01-01 20:09:20,1,2
1209,2016-01-01 20:10:19,2,2
1210,2016-01-01 20:11:19,2,2
1211,2016-01-01 20:12:19,2,2
1212,2016-01-01 20:13:19,2,2
1213,2016-01-01 20:14:19,2,2
1214,2016-01-01 20:15:19,1,2
1215,2016-01-01 20:16:18,2,2
1216,2016-01-01 20:17:18,2,2
1217,2016-01-01 20:18:18,2,2
1218,2016-01-01 20:19:18,2,2
1219,2016-01-01 20:20:18,2,2
1220,2016-01-01 20:21:18,2,2
1221,2016-01-01 20:22:18,2,2
1222,2016-01-01 20:23:18,2,2
1223,2016-01-01 20:24:18,2,2
1224,2016-01-01 20:25:18,2,2
1225,2016-01-01 20:26:18,2,2
1226,2016-01-01 20:27:18,1,2
1227,2016-01-01 20:28:18,2,2
1228,2016-01-01 20:29:18,1,2
1229,2016-01-01 20:30:18,2,2
1230,2016-01-01 20:31:18,2,2
1231,2016-01-01 20:32:18,2,2
1232,2016-01-01 20:33:18,1,2
1233,2016-01-01 20:34:18,2,2
1234,2016-01-01 20:35:18,2,2
1235,2016-01-01 20:36:18,2,2
1236,2016-01-01 20:37:18,1,2
1237,2016-01-01 20:38:18,2,2
1238,2016-01-01 20:39:18,4,2
1239,2016-01-01 20:40:18,2,2
1240,2016-01-01 20:41:18,2,2
1241,2016-01-01 20:42:18,2,2
1242,2016-01-01 20:43:18,2,2
1243,2016-01-01 20:44:18,2,2
1244,2016-01-01 20:45:18,2,2
1245,2016-01-01 20:46:18,1,2
1246,2016-01-01 20:47:18,2,2
1247,2016-01-01 20:48:18,2,2
1248,2016-01-01 20:49:18,2,2
1249,2016-01-01 20:50:18,2,2
1250,2016-01-01 20:51:18,2,2
1251,2016-01-01 20:52:18,2,2
1252,2016-01-01 20:53:18,2,2
1253,2016-01-01 20:54:18,2,2
1254,2016-01-01 20:55:18,1,2
1255,2016-01-01 20:56:18,2,2
1256,2016-01-01 20:57:18,1,2
1257,2016-01-01 20:58:18,2,2
1258,2016-01-01 20:59:18,1,2
1259,2016-01-01 21:00:18,2,2
1260,2016-01-01 21:01:18,2,2
1261,2016-01-01 21:02:18,2,2
1262,2016-01-01 21:03:18,2,2
1263,2016-01-01 21:04:18,1,2
1264,2016-01-01 21:05:18,2,2
1265,2016-01-01 21:06:18,1,2
1266,2016-01-01 21:07:18,2,2
1267,2016-01-01 21:08:18,2,2
1268,2016-01-01 21:09:18,2,2
1269,2016-01-01 21:10:18,1,2
1270,2016-01-01 21:11:18,2,2
1271,2016-01-01 21:12:18,2,2
1272,2016-01-01 21:13:18,2,2
1273,2016-01-01 21:14:17,2,2
1274,2016-01-01 21:15:17,1,2
1275,2016-01-01 21:16:17,1,2
1276,2016-01-01 21:17:17,2,2
1277,2016-01-01 21:18:17,1,2
1278,2016-01-01 21:19:17,1,2
1279,2016-01-01 21:20:17,1,2
1280,2016-01-01 21:21:17,1,2
1281,2016-01-01 21:22:17,5,2
1282,2016-01-01 21:23:18,2,2
1283,2016-01-01 21:24:18,2,2
1284,2016-01-01 21:25:18,2,2
1285,2016-01-01 21:26:18,2,2
1286,2016-01-01 21:27:18,2,2
1287,2016-01-01 21:28:19,2,2
1288,2016-01-01 21:29:19,2,2
1289,2016-01-01 21:30:19,2,2
1290,2016-01-01 21:31:19,2,2
1291,2016-01-01 21:32:19,1,2
1292,2016-01-01 21:33:19,2,2
1293,2016-01-01 21:34:19,2,2
1294,2016-01-01 21:35:19,2,2
1295,2016-01-01 21:36:19,1,2
1296,2016-01-01 21:37:19,2,2
1297,2016-01-01 21:38:19,2,2
1298,2016-01-01 21:39:19,1,2
1299,2016-01-01 21:40:19,2,2
1300,2016-01-01 21:41:19,1,2
1301,2016-01-01 21:42:19,2,2
1302,2016-01-01 21:43:19,2,2
1303,2016-01-01 21:44:19,2,2
1304,2016-01-01 21:45:19,2,2
1305,2016-01-01 21:46:19,2,2
1306,2016-01-01 21:47:19,2,2
1307,2016-01-01 21:48:19,1,2
1308,2016-01-01 21:49:19,1,2
1309,2016-01-01 21:50:19,2,2
1310,2016-01-01 21:51:19,3,2
1311,2016-01-01 21:52:19,2,2
1312,2016-01-01 21:53:19,2,2
1313,2016-01-01 21:54:19,4,2
1314,2016-01-01 21:55:19,1,2
1315,2016-01-01 21:56:19,2,2
1316,2016-01-01 21:57:19,2,2
1317,2016-01-01 21:58:19,2,2
1318,2016-01-01 21:59:19,2,2
1319,2016-01-01 22:00:19,2,2
1320,2016-01-01 22:01:23,2,2
1321,2016-01-01 22:02:23,2,2
1322,2016-01-01 22:03:23,2,2
1323,2016-01-01 22:04:23,2,2
1324,2016-01-01 22:05:23,2,2
1325,2016-01-01 22:06:23,2,2
1326,2016-01-01 22:07:23,2,2
1327,2016-01-01 22:08:23,2,2
1328,2016-01-01 22:09:23,1,2
1329,2016-01-01 22:10:23,1,2
1330,2016-01-01 22:11:23,2,2
1331,2016-01-01 22:12:23,2,2
1332,2016-01-01 22:13:23,2,2
1333,2016-01-01 22:14:22,2,2
1334,2016-01-01 22:15:22,2,2
1335,2016-01-01 22:16:22,2,2
1336,2016-01-01 22:17:22,2,2
1337,2016-01-01 22:18:22,2,2
1338,2016-01-01 22:19:22,2,2
1339,2016-01-01 22:20:22,2,2
1340,2016-01-01 22:21:22,2,2
1341,2016-01-01 22:22:22,1,2
1342,2016-01-01 22:23:22,2,2
1343,2016-01-01 22:24:22,2,2
1344,2016-01-01 22:25:22,2,2
1345,2016-01-01 22:26:22,2,2
1346,2016-01-01 22:27:22,1,2
1347,2016-01-01 22:28:22,1,2
1348,2016-01-01 22:29:22,2,2
1349,2016-01-01 22:30:22,2,2
1350,2016-01-01 22:31:22,2,2
1351,2016-01-01 22:32:22,1,2
1352,2016-01-01 22:33:22,1,2
1353,2016-01-01 22:34:22,2,2
1354,2016-01-01 22:35:22,1,2
1355,2016-01-01 22:36:22,1,2
1356,2016-01-01 22:37:22,3,2
1357,2016-01-01 22:38:22,2,2
1358,2016-01-01 22:39:22,2,2
1359,2016-01-01 22:40:22,1,2
1360,2016-01-01 22:41:22,2,2
1361,2016-01-01 22:42:22,2,2
1362,2016-01-01 22:43:22,1,2
1363,2016-01-01 22:44:22,2,2
1364,2016-01-01 22:45:22,2,2
1365,2016-01-01 22:46:22,2,2
1366,2016-01-01 22:47:22,2,2
1367,2016-01-01 22:48:22,2,2
1368,2016-01-01 22:49:22,2,2
1369,2016-01-01 22:50:22,1,2
1370,2016-01-01 22:51:22,2,2
1371,2016-01-01 22:52:22,2,2
1372,2016-01-01 22:53:22,2,2
1373,2016-01-01 22:54:22,1,2
1374,2016-01-01 22:55:22,2,2
1375,2016-01-01 22:56:22,2,2
1376,2016-01-01 22:57:22,2,2
1377,2016-01-01 22:58:22,1,2
1378,2016-01-01 22:59:22,2,2
1379,2016-01-01 23:00:22,2,2
1380,2016-01-01 23:01:22,1,2
1381,2016-01-01 23:02:22,2,2
1382,2016-01-01 23:03:22,2,2
1383,2016-01-01 23:04:22,1,2
1384,2016-01-01 23:05:22,2,2
1385,2016-01-01 23:06:22,2,2
1386,2016-01-01 23:07:22,2,2
1387,2016-01-01 23:08:22,2,2
1388,2016-01-01 23:09:22,5,2
1389,2016-01-01 23:10:22,1,2
1390,2016-01-01 23:11:22,2,2
1391,2016-01-01 23:12:22,2,2
1392,2016-01-01 23:13:22,2,2
1393,2016-01-01 23:14:22,2,2
1394,2016-01-01 23:15:22,2,2
1395,2016-01-01 23:16:22,2,2
1396,2016-01-01 23:17:22,2,2
1397,2016-01-01 23:18:22,1,2
1398,2016-01-01 23:19:22,1,2
1399,2016-01-01 23:20:22,2,2
1400,2016-01-01 23:21:22,2,2
1401,2016-01-01 23:22:22,2,2
1402,2016-01-01 23:23:22,1,2
1403,2016-01-01 23:24:22,2,2
1404,2016-01-01 23:25:22,2,2
1405,2016-01-01 23:26:22,2,2
1406,2016-01-01 23:27:22,2,2
1407,2016-01-01 23:28:22,2,2
1408,2016-01-01 23:29:22,2,2
1409,2016-01-01 23:30:22,2,2
1410,2016-01-01 23:31:22,2,2
1411,2016-01-01 23:32:22,2,2
1412,2016-01-01 23:33:22,2,2
1413,2016-01-01 23:34:22,2,2
1414,2016-01-01 23:35:22,2,2
1415,2016-01-01 23:36:22,2,2
1416,2016-01-01 23:37:22,1,2
1417,2016-01-01 23:38:22,2,2
1418,2016-01-01 23:39:22,2,2
1419,2016-01-01 23:40:22,2,2
1420,2016-01-01 23:41:22,1,2
1421,2016-01-01 23:42:22,2,2
1422,2016-01-01 23:43:22,1,2
1423,2016-01-01 23:44:22,1,2
1424,2016-01-01 23:45:22,2,2
1425,2016-01-01 23:46:22,2,2
1426,2016-01-01 23:47:22,2,2
1427,2016-01-01 23:48:22,2,2
1428,2016-01-01 23:49:22,2,2
1429,2016-01-01 23:50:22,2,2
1430,2016-01-01 23:51:22,2,2
1431,2016-01-01 23:52:22,4,2
1432,2016-01-01 23:53:22,2,2
1433,2016-01-01 23:54:22,2,2
1434,2016-01-01 23:55:22,1,2
1435,2016-01-01 23:56:22,2,2
1436,2016-01-01 23:57:22,2,2
1437,2016-01-01 23:58:22,2,2
1438,2016-01-01 23:59:22,1,2
1439,2016-01-02 00:00:22,2,2
1440,2016-01-02 00:01:22,2,2
1441,2016-01-02 00:02:22,2,2
1442,2016-01-02 00:03:22,2,2
1443,2016-01-02 00:04:22,2,2
1444,2016-01-02 00:05:22,2,2
1445,2016-01-02 00:06:22,2,2
1446,2016-01-02 00:07:22,2,2
1447,2016-01-02 00:08:22,1,2
1448,2016-01-02 00:09:22,1,2
1449,2016-01-02 00:10:22,1,2
1450,2016-01-02 00:11:22,2,2
1451,2016-01-02 00:12:22,1,2
1452,2016-01-02 00:13:22,2,2
1453,2016-01-02 00:14:22,2,2
1454,2016-01-02 00:15:22,2,2
1455,2016-01-02 00:16:22,2,2
1456,2016-01-02 00:17:22,2,2
1457,2016-01-02 00:18:22,2,2
1458,2016-01-02 00:19:22,2,2
1459,2016-01-02 00:20:22,2,2
1460,2016-01-02 00:21:22,2,2
1461,2016-01-02 00:22:22,1,2
1462,2016-01-02 00:23:22,2,2
1463,2016-01-02 00:24:22,5,2
1464,2016-01-02 00:25:22,1,2
1465,2016-01-02 00:26:22,2,2
1466,2016-01-02 00:27:22,2,2
1467,2016-01-02 00:28:22,1,2
1468,2016-01-02 00:29:22,2,2
1469,2016-01-02 00:30:22,2,2
1470,2016-01-02 00:31:22,2,2
1471,2016-01-02 00:32:22,2,2
1472,2016-01-02 00:33:22,2,2
1473,2016-01-02 00:34:22,2,2
1474,2016-01-02 00:35:22,2,2
1475,2016-01-02 00:36:22,1,2
1476,2016-01-02 00:37:22,2,2
1477,2016-01-02 00:38:22,2,2
1478,2016-01-02 00:39:22,1,2
1479,2016-01-02 00:40:22,2,2
1480,2016-01-02 00:41:22,2,2
1481,2016-01-02 00:42:22,2,2
1482,2016-01-02 00:43:22,1,2
1483,2016-01-02 00:44:22,1,2
1484,2016-01-02 00:45:22,1,2
1485,2016-01-02 00:46:22,2,2
1486,2016-01-02 00:47:22,2,2
1487,2016-01-02 00:48:22,2,2
1488,2016-01-02 00:49:22,1,2
1489,2016-01-02 00:50:22,1,2
1490,2016-01-02 00:51:22,1,2
1491,2016-01-02 00:52:22,2,2
1492,2016-01-02 00:53:22,2,2
1493,2016-01-02 00:54:22,2,2
1494,2016-01-02 00:55:22,1,2
1495,2016-01-02 00:56:22,2,2
1496,2016-01-02 00:57:22,1,2
1497,2016-01-02 00:58:22,2,2
1498,2016-01-02 00:59:22,2,2
1499,2016-01-02 01:00:22,2,2
