,st_time,pm_rel,pm
0,2016-01-01 00:00:59,44,6290.0
1,2016-01-01 00:01:59,44,6298.0
2,2016-01-01 00:02:59,45,6319.0
3,2016-01-01 00:03:59,45,6320.99
4,2016-01-01 00:04:59,45,6323.9897
5,2016-01-01 00:05:59,45,6315.0
6,2016-01-01 00:06:59,44,6285.0
7,2016-01-01 00:07:59,45,6315.9897
8,2016-01-01 00:08:59,45,6319.0
9,2016-01-01 00:09:59,45,6320.0
10,2016-01-01 00:10:59,45,6323.9897
11,2016-01-01 00:11:59,45,6325.99
12,2016-01-01 00:12:59,45,6339.99
13,2016-01-01 00:13:59,45,6341.0
14,2016-01-01 00:14:59,45,6341.99
15,2016-01-01 00:15:59,45,6351.0
16,2016-01-01 00:16:59,45,6355.0
17,2016-01-01 00:17:59,45,6357.9897
18,2016-01-01 00:18:59,45,6355.0
19,2016-01-01 00:19:59,45,6355.9897
20,2016-01-01 00:20:59,45,6359.0
21,2016-01-01 00:21:59,45,6371.0
22,2016-01-01 00:22:59,45,6408.9897
23,2016-01-01 00:23:59,45,6410.0
24,2016-01-01 00:24:58,45,6407.0
25,2016-01-01 00:25:58,45,6411.99
26,2016-01-01 00:26:58,45,6415.0
27,2016-01-01 00:27:58,45,6416.0
28,2016-01-01 00:28:58,45,6418.0
29,2016-01-01 00:29:59,45,6416.9897
30,2016-01-01 00:30:59,45,6416.0
31,2016-01-01 00:31:59,45,6416.0
32,2016-01-01 00:32:59,45,6421.0
33,2016-01-01 00:33:59,45,6421.9897
34,2016-01-01 00:34:59,45,6423.0
35,2016-01-01 00:35:59,45,6426.99
36,2016-01-01 00:36:59,45,6424.99
37,2016-01-01 00:37:59,46,6447.0
38,2016-01-01 00:38:59,46,6448.9897
39,2016-01-01 00:39:58,46,6448.9897
40,2016-01-01 00:40:58,46,6456.0
41,2016-01-01 00:41:58,46,6463.0
42,2016-01-01 00:42:58,46,6476.0
43,2016-01-01 00:43:57,46,6479.0
44,2016-01-01 00:44:56,46,6480.9897
45,2016-01-01 00:45:55,46,6487.0
46,2016-01-01 00:46:55,46,6490.99
47,2016-01-01 00:47:55,46,6493.0
48,2016-01-01 00:48:55,46,6488.0
49,2016-01-01 00:49:55,46,6488.9897
50,2016-01-01 00:50:55,46,6493.0
51,2016-01-01 00:51:55,46,6493.0
52,2016-01-01 00:52:55,46,6493.9897
53,2016-01-01 00:53:55,46,6495.0
54,2016-01-01 00:54:55,46,6493.0
55,2016-01-01 00:55:55,46,6495.0
56,2016-01-01 00:56:56,46,6501.0
57,2016-01-01 00:57:56,46,6522.99
58,2016-01-01 00:58:56,46,6524.0
59,2016-01-01 00:59:56,46,6527.0
60,2016-01-01 01:00:56,46,6528.9897
61,2016-01-01 01:01:56,46,6514.9897
62,2016-01-01 01:02:56,46,6536.99
63,2016-01-01 01:03:56,46,6538.0
64,2016-01-01 01:04:56,46,6538.99
65,2016-01-01 01:05:56,46,6546.9897
66,2016-01-01 01:06:56,46,6543.0
67,2016-01-01 01:07:56,46,6543.99
68,2016-01-01 01:08:56,46,6544.99
69,2016-01-01 01:09:56,46,6546.0
70,2016-01-01 01:10:56,46,6559.0
71,2016-01-01 01:11:56,46,6567.9897
72,2016-01-01 01:12:56,47,6597.99
73,2016-01-01 01:13:56,47,6601.0
74,2016-01-01 01:14:56,47,6602.0
75,2016-01-01 01:15:56,47,6613.9897
76,2016-01-01 01:16:56,47,6615.0
77,2016-01-01 01:17:56,47,6617.0
78,2016-01-01 01:18:56,47,6617.0
79,2016-01-01 01:19:56,47,6618.9897
80,2016-01-01 01:20:56,47,6623.0
81,2016-01-01 01:21:56,47,6623.99
82,2016-01-01 01:22:56,47,6647.99
83,2016-01-01 01:23:56,47,6650.0
84,2016-01-01 01:24:56,47,6647.99
85,2016-01-01 01:25:56,47,6649.0
86,2016-01-01 01:26:56,47,6655.0
87,2016-01-01 01:27:56,47,6671.9897
88,2016-01-01 01:28:56,47,6676.0
89,2016-01-01 01:29:56,47,6676.99
90,2016-01-01 01:30:56,47,6677.9897
91,2016-01-01 01:31:56,47,6684.0
92,2016-01-01 01:32:56,47,6687.0
93,2016-01-01 01:33:56,47,6687.0
94,2016-01-01 01:34:56,47,6685.9897
95,2016-01-01 01:35:56,47,6684.9897
96,2016-01-01 01:36:57,47,6692.0
97,2016-01-01 01:37:57,47,6710.0
98,2016-01-01 01:38:57,47,6711.9897
99,2016-01-01 01:39:57,47,6713.0
100,2016-01-01 01:40:57,47,6716.99
101,2016-01-01 01:41:57,48,6726.0
102,2016-01-01 01:42:57,48,6743.9897
103,2016-01-01 01:43:57,48,6746.0
104,2016-01-01 01:44:57,48,6748.0
105,2016-01-01 01:45:57,48,6745.0
106,2016-01-01 01:46:57,48,6759.99
107,2016-01-01 01:47:57,48,6780.0
108,2016-01-01 01:48:57,48,6780.99
109,2016-01-01 01:49:57,48,6782.0
110,2016-01-01 01:50:57,48,6775.0
111,2016-01-01 01:51:57,40,5685.9897
112,2016-01-01 01:52:57,40,5692.9897
113,2016-01-01 01:53:57,40,5692.9897
114,2016-01-01 01:54:57,40,5685.9897
115,2016-01-01 01:55:57,40,5665.0
116,2016-01-01 01:56:57,40,5663.0
117,2016-01-01 01:57:57,40,5669.99
118,2016-01-01 01:58:57,40,5674.0
119,2016-01-01 01:59:57,40,5676.0
120,2016-01-01 02:00:57,40,5708.0
121,2016-01-01 02:01:58,40,5705.0
122,2016-01-01 02:02:58,40,5705.0
123,2016-01-01 02:03:58,40,5700.0
124,2016-01-01 02:04:58,40,5705.0
125,2016-01-01 02:05:59,40,5711.0
126,2016-01-01 02:06:59,40,5705.0
127,2016-01-01 02:07:59,40,5706.0
128,2016-01-01 02:08:59,40,5706.9897
129,2016-01-01 02:09:59,40,5706.0
130,2016-01-01 02:10:59,40,5713.0
131,2016-01-01 02:11:59,40,5713.0
132,2016-01-01 02:12:59,40,5722.0
133,2016-01-01 02:13:59,40,5719.9897
134,2016-01-01 02:14:59,40,5721.0
135,2016-01-01 02:15:59,40,5722.0
136,2016-01-01 02:16:59,40,5726.0
137,2016-01-01 02:17:59,40,5729.0
138,2016-01-01 02:18:59,40,5726.0
139,2016-01-01 02:19:59,40,5724.0
140,2016-01-01 02:20:59,40,5732.0
141,2016-01-01 02:21:59,40,5732.9897
142,2016-01-01 02:22:58,41,5745.0
143,2016-01-01 02:23:57,41,5751.9897
144,2016-01-01 02:24:56,41,5740.0
145,2016-01-01 02:25:55,41,5844.9897
146,2016-01-01 02:26:55,41,5798.0
147,2016-01-01 02:27:55,41,5793.0
148,2016-01-01 02:28:55,41,5791.0
149,2016-01-01 02:29:55,41,5791.0
150,2016-01-01 02:30:55,41,5796.0
151,2016-01-01 02:31:56,41,5761.99
152,2016-01-01 02:32:56,41,5772.99
153,2016-01-01 02:33:56,41,5769.9897
154,2016-01-01 02:34:56,41,5774.0
155,2016-01-01 02:35:56,41,5815.9897
156,2016-01-01 02:36:56,41,5812.99
157,2016-01-01 02:37:56,41,5819.0
158,2016-01-01 02:38:56,41,5823.9897
159,2016-01-01 02:39:56,41,5823.0
160,2016-01-01 02:40:56,41,5828.9897
161,2016-01-01 02:41:57,41,5831.0
162,2016-01-01 02:42:57,41,5825.99
163,2016-01-01 02:43:57,41,5830.0
164,2016-01-01 02:44:57,41,5833.0
165,2016-01-01 02:45:57,41,5841.0
166,2016-01-01 02:46:57,41,5809.0
167,2016-01-01 02:47:58,41,5819.0
168,2016-01-01 02:48:58,41,5809.0
169,2016-01-01 02:49:58,41,5810.9897
170,2016-01-01 02:50:58,41,5854.0
171,2016-01-01 02:51:58,41,5849.9897
172,2016-01-01 02:52:58,41,5854.0
173,2016-01-01 02:53:58,41,5855.0
174,2016-01-01 02:54:58,41,5852.99
175,2016-01-01 02:55:58,41,5855.9897
176,2016-01-01 02:56:58,41,5855.9897
177,2016-01-01 02:57:58,41,5857.9897
178,2016-01-01 02:58:58,41,5860.0
179,2016-01-01 02:59:58,41,5862.0
180,2016-01-01 03:00:58,41,5855.0
181,2016-01-01 03:01:58,41,5825.99
182,2016-01-01 03:02:58,41,5828.0
183,2016-01-01 03:03:58,41,5827.0
184,2016-01-01 03:04:58,41,5828.0
185,2016-01-01 03:05:58,41,5870.0
186,2016-01-01 03:06:58,41,5868.9897
187,2016-01-01 03:07:58,42,5894.9897
188,2016-01-01 03:08:58,42,5897.99
189,2016-01-01 03:09:58,42,5894.9897
190,2016-01-01 03:10:58,42,5902.9897
191,2016-01-01 03:11:59,42,5905.0
192,2016-01-01 03:12:59,42,5921.0
193,2016-01-01 03:13:59,42,5929.9897
194,2016-01-01 03:14:59,42,5932.0
195,2016-01-01 03:16:00,42,5937.99
196,2016-01-01 03:17:00,42,5939.0
197,2016-01-01 03:18:00,42,5942.0
198,2016-01-01 03:19:00,42,5935.9897
199,2016-01-01 03:20:00,42,5939.0
200,2016-01-01 03:21:01,42,5945.99
201,2016-01-01 03:22:01,42,5945.0
202,2016-01-01 03:23:01,42,5942.9897
203,2016-01-01 03:24:01,42,5945.0
204,2016-01-01 03:25:01,42,5942.9897
205,2016-01-01 03:26:01,42,5910.99
206,2016-01-01 03:27:01,42,5913.99
207,2016-01-01 03:28:01,42,5910.0
208,2016-01-01 03:29:01,42,5915.0
209,2016-01-01 03:30:01,42,5916.9897
210,2016-01-01 03:31:01,42,5944.0
211,2016-01-01 03:32:01,42,5942.0
212,2016-01-01 03:33:01,42,5944.0
213,2016-01-01 03:34:01,42,5945.0
214,2016-01-01 03:35:01,42,5948.0
215,2016-01-01 03:36:02,42,5958.0
216,2016-01-01 03:37:02,42,5947.0
217,2016-01-01 03:38:02,42,5950.0
218,2016-01-01 03:39:02,42,5950.99
219,2016-01-01 03:40:02,42,5950.99
220,2016-01-01 03:41:02,42,5956.0
221,2016-01-01 03:42:02,42,5964.0
222,2016-01-01 03:43:02,42,5974.0
223,2016-01-01 03:44:02,42,5974.0
224,2016-01-01 03:45:02,42,5972.99
225,2016-01-01 03:46:02,42,5979.0
226,2016-01-01 03:47:02,42,5988.0
227,2016-01-01 03:48:02,42,6003.99
228,2016-01-01 03:49:01,42,6001.9897
229,2016-01-01 03:50:00,42,5996.99
230,2016-01-01 03:51:00,42,6001.0
231,2016-01-01 03:52:00,42,5969.9897
232,2016-01-01 03:53:00,42,5977.99
233,2016-01-01 03:54:00,42,5974.9897
234,2016-01-01 03:55:00,42,5974.9897
235,2016-01-01 03:56:00,42,6009.0
236,2016-01-01 03:57:00,42,6017.0
237,2016-01-01 03:58:00,42,6011.99
238,2016-01-01 03:59:00,42,6011.99
239,2016-01-01 04:00:00,42,6014.0
240,2016-01-01 04:01:24,42,6011.99
241,2016-01-01 04:02:24,42,6011.99
242,2016-01-01 04:03:26,42,6011.0
243,2016-01-01 04:04:26,42,6011.0
244,2016-01-01 04:05:25,42,6016.0
245,2016-01-01 04:06:25,43,6022.99
246,2016-01-01 04:07:25,43,6019.9897
247,2016-01-01 04:08:25,43,6038.99
248,2016-01-01 04:09:25,43,6041.0
249,2016-01-01 04:10:25,43,6041.9897
250,2016-01-01 04:12:27,43,6022.0
251,2016-01-01 04:13:27,43,6030.0
252,2016-01-01 04:14:27,43,6032.0
253,2016-01-01 04:15:27,43,6033.0
254,2016-01-01 04:16:27,43,6067.0
255,2016-01-01 04:17:27,43,6054.9897
256,2016-01-01 04:18:27,43,6057.99
257,2016-01-01 04:19:27,43,6054.0
258,2016-01-01 04:20:27,43,6054.9897
259,2016-01-01 04:21:27,43,6089.99
260,2016-01-01 04:22:27,43,6096.0
261,2016-01-01 04:23:27,43,6113.0
262,2016-01-01 04:24:27,43,6113.9897
263,2016-01-01 04:25:27,43,6109.0
264,2016-01-01 04:26:27,43,6117.0
265,2016-01-01 04:27:29,43,6144.0
266,2016-01-01 04:28:29,43,6155.0
267,2016-01-01 04:29:29,44,6160.0
268,2016-01-01 04:30:29,44,6200.99
269,2016-01-01 04:31:29,43,6118.0
270,2016-01-01 04:32:29,43,6137.99
271,2016-01-01 04:33:29,43,6139.9897
272,2016-01-01 04:34:29,43,6136.99
273,2016-01-01 04:35:29,45,6319.0
274,2016-01-01 04:36:29,44,6171.9897
275,2016-01-01 04:37:29,44,6184.0
276,2016-01-01 04:38:29,44,6192.0
277,2016-01-01 04:39:29,44,6192.9897
278,2016-01-01 04:40:29,44,6206.0
279,2016-01-01 04:41:29,44,6198.9897
280,2016-01-01 04:42:29,44,6206.0
281,2016-01-01 04:43:29,44,6208.99
282,2016-01-01 04:44:29,44,6214.99
283,2016-01-01 04:45:29,45,6328.9897
284,2016-01-01 04:46:29,44,6221.0
285,2016-01-01 04:47:29,44,6219.0
286,2016-01-01 04:48:29,44,6227.99
287,2016-01-01 04:49:29,44,6237.0
288,2016-01-01 04:50:29,44,6261.99
289,2016-01-01 04:51:29,44,6214.99
290,2016-01-01 04:52:29,44,6235.0
291,2016-01-01 04:53:29,44,6246.0
292,2016-01-01 04:54:29,44,6246.0
293,2016-01-01 04:55:29,45,6405.99
294,2016-01-01 04:56:29,44,6274.0
295,2016-01-01 04:57:29,44,6280.0
296,2016-01-01 04:58:29,44,6293.99
297,2016-01-01 04:59:29,44,6270.9897
298,2016-01-01 05:00:29,14,2048.99
299,2016-01-01 05:01:31,17,2454.0
300,2016-01-01 05:02:32,17,2443.0
301,2016-01-01 05:03:32,17,2440.99
302,2016-01-01 05:04:32,17,2442.0
303,2016-01-01 05:05:32,17,2434.0
304,2016-01-01 05:06:32,17,2423.99
305,2016-01-01 05:07:32,17,2416.99
306,2016-01-01 05:08:32,17,2423.0
307,2016-01-01 05:09:32,17,2419.99
308,2016-01-01 05:10:32,17,2444.99
309,2016-01-01 05:11:32,17,2444.99
310,2016-01-01 05:12:32,17,2458.0
311,2016-01-01 05:13:32,17,2451.0
312,2016-01-01 05:14:32,17,2456.0
313,2016-01-01 05:15:32,17,2463.0
314,2016-01-01 05:16:32,17,2463.0
315,2016-01-01 05:17:32,17,2468.0
316,2016-01-01 05:18:32,17,2464.99
317,2016-01-01 05:19:32,17,2462.0
318,2016-01-01 05:20:32,17,2474.0
319,2016-01-01 05:21:32,17,2482.0
320,2016-01-01 05:22:32,18,2524.99
321,2016-01-01 05:23:32,18,2536.0
322,2016-01-01 05:24:32,18,2533.99
323,2016-01-01 05:25:32,18,2536.0
324,2016-01-01 05:26:32,18,2537.99
325,2016-01-01 05:27:32,18,2536.99
326,2016-01-01 05:28:32,18,2537.99
327,2016-01-01 05:29:32,18,2541.99
328,2016-01-01 05:30:32,18,2547.0
329,2016-01-01 05:31:33,18,2540.9902
330,2016-01-01 05:32:33,18,2541.99
331,2016-01-01 05:33:33,18,2540.9902
332,2016-01-01 05:34:33,18,2541.99
333,2016-01-01 05:35:33,18,2548.99
334,2016-01-01 05:36:33,18,2544.99
335,2016-01-01 05:37:33,18,2552.0
336,2016-01-01 05:38:33,18,2553.99
337,2016-01-01 05:39:33,18,2556.0
338,2016-01-01 05:40:33,18,2559.0
339,2016-01-01 05:41:33,18,2560.0
340,2016-01-01 05:42:33,18,2573.99
341,2016-01-01 05:43:33,18,2569.0
342,2016-01-01 05:44:33,18,2557.99
343,2016-01-01 05:45:33,18,2560.0
344,2016-01-01 05:46:33,18,2556.99
345,2016-01-01 05:47:33,18,2559.0
346,2016-01-01 05:48:33,18,2556.99
347,2016-01-01 05:49:33,18,2552.0
348,2016-01-01 05:50:32,18,2559.0
349,2016-01-01 05:51:32,18,2557.99
350,2016-01-01 05:52:32,18,2573.99
351,2016-01-01 05:53:32,18,2577.99
352,2016-01-01 05:54:32,18,2577.0
353,2016-01-01 05:55:32,18,2577.99
354,2016-01-01 05:56:32,18,2579.0
355,2016-01-01 05:57:32,18,2587.0
356,2016-01-01 05:58:32,18,2563.0
357,2016-01-01 05:59:32,18,2540.0
358,2016-01-01 06:00:32,18,2568.0
359,2016-01-01 06:01:32,18,2559.0
360,2016-01-01 06:02:32,18,2543.0
361,2016-01-01 06:03:32,18,2541.99
362,2016-01-01 06:04:32,18,2540.0
363,2016-01-01 06:05:32,18,2577.0
364,2016-01-01 06:06:32,18,2576.0
365,2016-01-01 06:07:32,18,2577.0
366,2016-01-01 06:08:32,18,2573.0
367,2016-01-01 06:09:32,18,2572.0
368,2016-01-01 06:10:32,18,2575.0
369,2016-01-01 06:11:32,18,2577.99
370,2016-01-01 06:12:32,18,2585.0
371,2016-01-01 06:13:32,18,2579.0
372,2016-01-01 06:14:32,18,2583.0
373,2016-01-01 06:15:32,18,2589.99
374,2016-01-01 06:16:32,18,2585.0
375,2016-01-01 06:17:32,18,2581.0
376,2016-01-01 06:18:32,18,2581.0
377,2016-01-01 06:19:32,18,2575.0
378,2016-01-01 06:20:32,18,2581.99
379,2016-01-01 06:21:32,18,2581.99
380,2016-01-01 06:22:32,18,2572.0
381,2016-01-01 06:23:32,18,2572.0
382,2016-01-01 06:24:32,18,2569.99
383,2016-01-01 06:25:32,18,2568.0
384,2016-01-01 06:26:32,18,2569.99
385,2016-01-01 06:27:32,18,2577.0
386,2016-01-01 06:28:31,18,2583.0
387,2016-01-01 06:29:31,18,2589.0
388,2016-01-01 06:30:31,18,2593.0
389,2016-01-01 06:31:31,18,2559.0
390,2016-01-01 06:32:31,18,2543.0
391,2016-01-01 06:33:31,18,2547.0
392,2016-01-01 06:34:31,18,2545.99
393,2016-01-01 06:35:31,18,2589.0
394,2016-01-01 06:36:31,18,2587.0
395,2016-01-01 06:37:31,18,2581.0
396,2016-01-01 06:38:30,18,2581.0
397,2016-01-01 06:39:30,18,2585.0
398,2016-01-01 06:40:30,18,2589.0
399,2016-01-01 06:41:30,18,2592.0
400,2016-01-01 06:42:30,18,2580.0
401,2016-01-01 06:43:30,18,2576.0
402,2016-01-01 06:44:30,18,2581.99
403,2016-01-01 06:45:30,18,2585.99
404,2016-01-01 06:46:30,18,2583.0
405,2016-01-01 06:47:30,18,2585.99
406,2016-01-01 06:48:30,18,2585.0
407,2016-01-01 06:49:30,18,2580.0
408,2016-01-01 06:50:30,18,2589.0
409,2016-01-01 06:51:30,18,2584.0
410,2016-01-01 06:52:30,18,2576.0
411,2016-01-01 06:53:30,18,2577.99
412,2016-01-01 06:54:30,18,2577.99
413,2016-01-01 06:55:30,18,2548.99
414,2016-01-01 06:56:30,18,2541.99
415,2016-01-01 06:57:30,18,2548.0
416,2016-01-01 06:58:30,18,2543.0
417,2016-01-01 06:59:30,18,2540.9902
418,2016-01-01 07:00:30,18,2577.0
419,2016-01-01 07:01:31,18,2571.0
420,2016-01-01 07:02:31,18,2572.0
421,2016-01-01 07:03:31,18,2561.99
422,2016-01-01 07:04:31,18,2556.0
423,2016-01-01 07:05:31,18,2569.99
424,2016-01-01 07:06:31,18,2564.0
425,2016-01-01 07:07:31,18,2567.0
426,2016-01-01 07:08:31,18,2575.0
427,2016-01-01 07:09:31,18,2575.0
428,2016-01-01 07:10:31,18,2581.0
429,2016-01-01 07:11:31,18,2581.99
430,2016-01-01 07:12:31,18,2581.99
431,2016-01-01 07:13:31,18,2573.0
432,2016-01-01 07:14:31,18,2579.0
433,2016-01-01 07:15:31,18,2585.0
434,2016-01-01 07:16:31,18,2584.0
435,2016-01-01 07:17:31,18,2573.0
436,2016-01-01 07:18:31,18,2577.99
437,2016-01-01 07:19:31,18,2573.0
438,2016-01-01 07:20:31,18,2548.0
439,2016-01-01 07:21:31,18,2544.99
440,2016-01-01 07:22:31,18,2541.99
441,2016-01-01 07:23:31,18,2553.99
442,2016-01-01 07:24:31,18,2551.0
443,2016-01-01 07:25:31,18,2588.0
444,2016-01-01 07:26:31,18,2587.0
445,2016-01-01 07:27:31,18,2597.0
446,2016-01-01 07:28:31,18,2581.0
447,2016-01-01 07:29:31,18,2585.0
448,2016-01-01 07:30:31,18,2585.99
449,2016-01-01 07:31:31,18,2581.0
450,2016-01-01 07:32:31,18,2549.99
451,2016-01-01 07:33:31,18,2552.0
452,2016-01-01 07:34:31,18,2552.0
453,2016-01-01 07:35:31,18,2597.0
454,2016-01-01 07:36:31,18,2595.0
455,2016-01-01 07:37:31,18,2595.0
456,2016-01-01 07:38:31,18,2581.99
457,2016-01-01 07:39:31,18,2577.99
458,2016-01-01 07:40:31,18,2581.0
459,2016-01-01 07:41:31,18,2581.99
460,2016-01-01 07:42:31,18,2581.99
461,2016-01-01 07:43:31,18,2577.0
462,2016-01-01 07:44:31,18,2577.99
463,2016-01-01 07:45:31,18,2588.0
464,2016-01-01 07:46:31,18,2587.0
465,2016-01-01 07:47:31,18,2552.99
466,2016-01-01 07:48:31,18,2547.0
467,2016-01-01 07:49:31,18,2543.0
468,2016-01-01 07:50:31,18,2585.99
469,2016-01-01 07:51:31,18,2581.99
470,2016-01-01 07:52:31,18,2583.0
471,2016-01-01 07:53:31,18,2587.0
472,2016-01-01 07:54:31,18,2587.0
473,2016-01-01 07:55:31,18,2585.0
474,2016-01-01 07:56:31,18,2581.99
475,2016-01-01 07:57:31,18,2571.0
476,2016-01-01 07:58:31,18,2571.0
477,2016-01-01 07:59:31,18,2579.0
478,2016-01-01 08:00:31,18,2585.0
479,2016-01-01 08:01:31,18,2579.0
480,2016-01-01 08:02:31,18,2576.0
481,2016-01-01 08:03:31,18,2577.99
482,2016-01-01 08:04:31,18,2577.99
483,2016-01-01 08:05:31,18,2553.99
484,2016-01-01 08:06:31,18,2547.0
485,2016-01-01 08:07:31,18,2543.0
486,2016-01-01 08:08:31,18,2548.0
487,2016-01-01 08:09:31,18,2548.0
488,2016-01-01 08:10:31,18,2581.99
489,2016-01-01 08:11:31,18,2581.0
490,2016-01-01 08:12:31,18,2581.99
491,2016-01-01 08:13:31,18,2580.0
492,2016-01-01 08:14:31,18,2581.99
493,2016-01-01 08:15:31,18,2591.0
494,2016-01-01 08:16:31,18,2569.0
495,2016-01-01 08:17:31,18,2575.0
496,2016-01-01 08:18:31,18,2575.0
497,2016-01-01 08:19:31,18,2569.0
498,2016-01-01 08:20:31,18,2580.0
499,2016-01-01 08:21:31,18,2579.0
500,2016-01-01 08:22:31,18,2579.0
501,2016-01-01 08:23:31,18,2585.0
502,2016-01-01 08:24:31,18,2585.0
503,2016-01-01 08:25:31,18,2556.0
504,2016-01-01 08:26:31,18,2555.0
505,2016-01-01 08:27:31,18,2557.99
506,2016-01-01 08:28:31,18,2559.0
507,2016-01-01 08:29:31,18,2561.99
508,2016-01-01 08:30:31,18,2593.99
509,2016-01-01 08:31:31,18,2564.0
510,2016-01-01 08:32:31,18,2565.99
511,2016-01-01 08:33:31,18,2567.0
512,2016-01-01 08:34:31,18,2568.0
513,2016-01-01 08:35:31,18,2573.99
514,2016-01-01 08:36:30,18,2572.0
515,2016-01-01 08:37:30,18,2568.0
516,2016-01-01 08:38:30,18,2569.0
517,2016-01-01 08:39:30,18,2569.0
518,2016-01-01 08:40:30,18,2585.0
519,2016-01-01 08:41:30,18,2577.99
520,2016-01-01 08:42:30,18,2577.0
521,2016-01-01 08:43:30,18,2575.0
522,2016-01-01 08:44:30,18,2573.0
523,2016-01-01 08:45:30,18,2560.0
524,2016-01-01 08:46:30,18,2545.99
525,2016-01-01 08:47:30,18,2548.99
526,2016-01-01 08:48:30,18,2545.99
527,2016-01-01 08:49:30,18,2545.99
528,2016-01-01 08:50:30,19,2697.0
529,2016-01-01 08:51:30,18,2591.0
530,2016-01-01 08:52:30,18,2585.99
531,2016-01-01 08:53:30,18,2596.0
532,2016-01-01 08:54:30,18,2600.0
533,2016-01-01 08:55:30,18,2615.0
534,2016-01-01 08:56:30,18,2601.99
535,2016-01-01 08:57:30,18,2597.99
536,2016-01-01 08:58:29,18,2597.99
537,2016-01-01 08:59:29,18,2604.0
538,2016-01-01 09:00:29,19,2706.99
539,2016-01-01 09:01:29,18,2587.0
540,2016-01-01 09:02:30,18,2583.0
541,2016-01-01 09:03:30,18,2581.99
542,2016-01-01 09:04:30,18,2581.0
543,2016-01-01 09:05:31,18,2556.0
544,2016-01-01 09:06:31,18,2552.0
545,2016-01-01 09:07:31,18,2552.0
546,2016-01-01 09:08:31,18,2573.99
547,2016-01-01 09:09:31,18,2576.0
548,2016-01-01 09:10:31,18,2619.0
549,2016-01-01 09:11:31,18,2605.0
550,2016-01-01 09:12:31,18,2608.0
551,2016-01-01 09:13:31,18,2607.0
552,2016-01-01 09:14:31,18,2609.0
553,2016-01-01 09:15:31,18,2615.0
554,2016-01-01 09:16:31,18,2613.0
555,2016-01-01 09:17:31,18,2628.0
556,2016-01-01 09:18:31,18,2637.0
557,2016-01-01 09:19:31,18,2632.0
558,2016-01-01 09:20:31,18,2641.99
559,2016-01-01 09:21:31,18,2641.0
560,2016-01-01 09:22:31,18,2616.0
561,2016-01-01 09:23:31,18,2612.0
562,2016-01-01 09:24:31,18,2609.99
563,2016-01-01 09:25:31,18,2588.0
564,2016-01-01 09:26:31,18,2577.99
565,2016-01-01 09:27:31,18,2576.0
566,2016-01-01 09:28:31,18,2564.99
567,2016-01-01 09:29:31,18,2572.0
568,2016-01-01 09:30:31,18,2609.0
569,2016-01-01 09:31:31,18,2607.0
570,2016-01-01 09:32:31,18,2577.0
571,2016-01-01 09:33:31,18,2572.0
572,2016-01-01 09:34:31,18,2573.0
573,2016-01-01 09:35:31,18,2609.99
574,2016-01-01 09:36:31,18,2595.0
575,2016-01-01 09:37:31,18,2585.0
576,2016-01-01 09:38:31,18,2596.0
577,2016-01-01 09:39:31,18,2597.0
578,2016-01-01 09:40:31,18,2577.0
579,2016-01-01 09:41:31,18,2581.99
580,2016-01-01 09:42:31,18,2565.99
581,2016-01-01 09:43:31,18,2564.0
582,2016-01-01 09:44:31,18,2568.0
583,2016-01-01 09:45:31,18,2608.0
584,2016-01-01 09:46:31,18,2601.99
585,2016-01-01 09:47:31,18,2568.0
586,2016-01-01 09:48:31,18,2569.0
587,2016-01-01 09:49:31,18,2564.99
588,2016-01-01 09:50:31,18,2601.99
589,2016-01-01 09:51:31,18,2601.0
590,2016-01-01 09:52:31,18,2596.0
591,2016-01-01 09:53:31,18,2597.99
592,2016-01-01 09:54:31,18,2600.0
593,2016-01-01 09:55:31,18,2573.99
594,2016-01-01 09:56:31,18,2571.0
595,2016-01-01 09:57:31,18,2571.0
596,2016-01-01 09:58:31,18,2564.99
597,2016-01-01 09:59:31,18,2568.0
598,2016-01-01 10:00:31,18,2609.0
599,2016-01-01 10:01:31,18,2596.0
600,2016-01-01 10:02:31,18,2593.99
601,2016-01-01 10:03:31,18,2593.0
602,2016-01-01 10:04:31,18,2587.0
603,2016-01-01 10:05:31,18,2604.0
604,2016-01-01 10:06:31,18,2600.0
605,2016-01-01 10:07:31,18,2601.0
606,2016-01-01 10:08:31,18,2579.0
607,2016-01-01 10:09:31,18,2579.0
608,2016-01-01 10:10:31,18,2555.0
609,2016-01-01 10:11:31,18,2561.99
610,2016-01-01 10:12:31,18,2565.99
611,2016-01-01 10:13:31,18,2564.0
612,2016-01-01 10:14:31,18,2569.0
613,2016-01-01 10:15:31,18,2603.0
614,2016-01-01 10:16:31,18,2601.0
615,2016-01-01 10:17:31,18,2629.0
616,2016-01-01 10:18:31,18,2609.0
617,2016-01-01 10:19:31,18,2605.99
618,2016-01-01 10:20:31,18,2613.0
619,2016-01-01 10:21:31,18,2609.99
620,2016-01-01 10:22:30,18,2611.0
621,2016-01-01 10:23:29,18,2621.0
622,2016-01-01 10:24:29,18,2621.0
623,2016-01-01 10:25:28,19,2726.99
624,2016-01-01 10:26:27,18,2595.0
625,2016-01-01 10:27:28,18,2603.0
626,2016-01-01 10:28:28,18,2569.99
627,2016-01-01 10:29:28,18,2575.0
628,2016-01-01 10:30:28,19,2730.0
629,2016-01-01 10:31:28,18,2605.0
630,2016-01-01 10:32:28,18,2605.0
631,2016-01-01 10:33:28,18,2604.0
632,2016-01-01 10:34:28,18,2604.0
633,2016-01-01 10:35:28,18,2653.99
634,2016-01-01 10:36:28,18,2613.0
635,2016-01-01 10:37:28,18,2620.0
636,2016-01-01 10:38:27,18,2626.99
637,2016-01-01 10:39:27,18,2629.99
638,2016-01-01 10:40:27,18,2642.9902
639,2016-01-01 10:41:27,18,2613.0
640,2016-01-01 10:42:27,18,2615.0
641,2016-01-01 10:43:27,18,2609.99
642,2016-01-01 10:44:27,18,2613.0
643,2016-01-01 10:45:27,18,2613.99
644,2016-01-01 10:46:27,18,2648.0
645,2016-01-01 10:47:27,18,2615.0
646,2016-01-01 10:48:27,18,2612.0
647,2016-01-01 10:49:27,18,2612.0
648,2016-01-01 10:50:27,18,2581.99
649,2016-01-01 10:51:27,18,2625.99
650,2016-01-01 10:52:27,18,2624.0
651,2016-01-01 10:53:27,18,2621.99
652,2016-01-01 10:54:27,18,2623.0
653,2016-01-01 10:55:27,18,2621.99
654,2016-01-01 10:56:27,18,2589.99
655,2016-01-01 10:57:27,18,2581.99
656,2016-01-01 10:58:27,18,2579.0
657,2016-01-01 10:59:27,18,2585.99
658,2016-01-01 11:00:27,18,2587.0
659,2016-01-01 11:01:27,18,2611.0
660,2016-01-01 11:02:28,18,2589.99
661,2016-01-01 11:03:28,18,2604.0
662,2016-01-01 11:04:28,18,2601.99
663,2016-01-01 11:05:28,18,2620.0
664,2016-01-01 11:06:28,18,2613.0
665,2016-01-01 11:07:28,18,2556.0
666,2016-01-01 11:08:28,18,2564.99
667,2016-01-01 11:09:28,18,2561.99
668,2016-01-01 11:10:28,18,2572.0
669,2016-01-01 11:11:28,18,2597.0
670,2016-01-01 11:12:28,18,2597.0
671,2016-01-01 11:13:28,18,2609.99
672,2016-01-01 11:14:28,18,2609.99
673,2016-01-01 11:15:27,18,2609.0
674,2016-01-01 11:16:27,18,2621.0
675,2016-01-01 11:17:27,18,2645.99
676,2016-01-01 11:18:28,18,2649.99
677,2016-01-01 11:19:28,18,2645.99
678,2016-01-01 11:20:28,18,2658.99
679,2016-01-01 11:21:28,18,2625.0
680,2016-01-01 11:22:28,18,2619.0
681,2016-01-01 11:23:28,18,2625.0
682,2016-01-01 11:24:28,18,2625.0
683,2016-01-01 11:25:28,19,2677.0
684,2016-01-01 11:26:28,19,2661.0
685,2016-01-01 11:27:28,18,2601.99
686,2016-01-01 11:28:28,18,2595.0
687,2016-01-01 11:29:28,18,2597.0
688,2016-01-01 11:30:27,18,2608.0
689,2016-01-01 11:31:28,18,2569.99
690,2016-01-01 11:32:28,18,2571.0
691,2016-01-01 11:33:28,18,2579.0
692,2016-01-01 11:34:28,18,2579.0
693,2016-01-01 11:35:28,18,2625.99
694,2016-01-01 11:36:28,18,2624.0
695,2016-01-01 11:37:28,18,2616.0
696,2016-01-01 11:38:28,18,2621.0
697,2016-01-01 11:39:28,18,2621.0
698,2016-01-01 11:40:28,18,2626.99
699,2016-01-01 11:41:28,18,2625.99
700,2016-01-01 11:42:28,18,2629.0
701,2016-01-01 11:43:28,18,2629.0
702,2016-01-01 11:44:28,18,2628.0
703,2016-01-01 11:45:28,18,2645.0
704,2016-01-01 11:46:28,18,2595.0
705,2016-01-01 11:47:28,18,2608.0
706,2016-01-01 11:48:28,18,2620.0
707,2016-01-01 11:49:28,18,2617.0
708,2016-01-01 11:50:28,18,2629.0
709,2016-01-01 11:51:28,18,2589.0
710,2016-01-01 11:52:28,18,2607.0
711,2016-01-01 11:53:28,18,2626.99
712,2016-01-01 11:54:27,18,2625.0
713,2016-01-01 11:55:26,18,2619.0
714,2016-01-01 11:56:26,18,2623.0
715,2016-01-01 11:57:26,18,2593.99
716,2016-01-01 11:58:26,18,2596.0
717,2016-01-01 11:59:26,18,2601.0
718,2016-01-01 12:00:26,18,2601.0
719,2016-01-01 12:01:26,18,2637.0
720,2016-01-01 12:02:26,19,2662.99
721,2016-01-01 12:03:26,18,2584.0
722,2016-01-01 12:04:26,18,2581.0
723,2016-01-01 12:05:26,18,2585.0
724,2016-01-01 12:06:26,18,2563.0
725,2016-01-01 12:07:26,18,2564.0
726,2016-01-01 12:08:26,18,2571.0
727,2016-01-01 12:09:26,18,2571.0
728,2016-01-01 12:10:26,18,2569.0
729,2016-01-01 12:11:26,18,2605.0
730,2016-01-01 12:12:26,18,2612.0
731,2016-01-01 12:13:26,18,2625.0
732,2016-01-01 12:14:26,18,2625.0
733,2016-01-01 12:15:26,18,2623.0
734,2016-01-01 12:16:26,18,2637.0
735,2016-01-01 12:17:26,18,2638.99
736,2016-01-01 12:18:27,18,2637.99
737,2016-01-01 12:19:27,18,2637.0
738,2016-01-01 12:20:27,18,2601.0
739,2016-01-01 12:21:27,18,2603.0
740,2016-01-01 12:22:27,18,2605.0
741,2016-01-01 12:23:27,18,2613.0
742,2016-01-01 12:24:27,18,2613.0
743,2016-01-01 12:25:27,18,2604.0
744,2016-01-01 12:26:27,18,2641.99
745,2016-01-01 12:27:27,18,2644.0
746,2016-01-01 12:28:27,18,2645.0
747,2016-01-01 12:29:27,18,2619.0
748,2016-01-01 12:30:27,18,2624.0
749,2016-01-01 12:31:27,18,2623.0
750,2016-01-01 12:32:27,18,2623.0
751,2016-01-01 12:33:27,18,2623.0
752,2016-01-01 12:34:27,18,2621.0
753,2016-01-01 12:35:27,18,2626.99
754,2016-01-01 12:36:27,19,2668.0
755,2016-01-01 12:37:28,18,2625.0
756,2016-01-01 12:38:28,18,2624.0
757,2016-01-01 12:39:28,18,2621.0
758,2016-01-01 12:40:28,18,2629.99
759,2016-01-01 12:41:28,18,2595.0
760,2016-01-01 12:42:28,18,2589.99
761,2016-01-01 12:43:28,18,2584.0
762,2016-01-01 12:44:28,18,2591.0
763,2016-01-01 12:45:28,18,2642.9902
764,2016-01-01 12:46:28,18,2624.0
765,2016-01-01 12:47:28,18,2607.0
766,2016-01-01 12:48:28,18,2616.0
767,2016-01-01 12:49:28,18,2616.0
768,2016-01-01 12:50:28,19,2668.0
769,2016-01-01 12:51:27,18,2621.0
770,2016-01-01 12:52:26,18,2613.0
771,2016-01-01 12:53:26,18,2587.0
772,2016-01-01 12:54:26,18,2587.0
773,2016-01-01 12:55:26,18,2584.0
774,2016-01-01 12:56:26,18,2616.0
775,2016-01-01 12:57:26,18,2615.0
776,2016-01-01 12:58:26,18,2613.0
777,2016-01-01 12:59:26,18,2615.0
778,2016-01-01 13:00:26,18,2619.0
779,2016-01-01 13:01:26,18,2587.0
780,2016-01-01 13:02:26,18,2597.99
781,2016-01-01 13:03:26,18,2597.99
782,2016-01-01 13:04:26,18,2596.0
783,2016-01-01 13:05:26,18,2596.0
784,2016-01-01 13:06:26,18,2637.99
785,2016-01-01 13:07:26,18,2640.0
786,2016-01-01 13:08:26,18,2649.99
787,2016-01-01 13:09:26,18,2650.99
788,2016-01-01 13:10:26,18,2649.0
789,2016-01-01 13:11:26,18,2657.99
790,2016-01-01 13:12:26,18,2657.99
791,2016-01-01 13:13:26,18,2656.0
792,2016-01-01 13:14:26,18,2640.0
793,2016-01-01 13:15:26,18,2638.99
794,2016-01-01 13:16:26,18,2641.0
795,2016-01-01 13:17:27,18,2641.0
796,2016-01-01 13:18:27,18,2641.99
797,2016-01-01 13:19:27,18,2637.0
798,2016-01-01 13:20:27,18,2638.99
799,2016-01-01 13:21:27,18,2637.99
800,2016-01-01 13:22:26,18,2641.0
801,2016-01-01 13:23:26,18,2641.0
802,2016-01-01 13:24:26,18,2642.9902
803,2016-01-01 13:25:26,18,2642.9902
804,2016-01-01 13:26:26,18,2644.0
805,2016-01-01 13:27:27,18,2649.0
806,2016-01-01 13:28:27,18,2645.0
807,2016-01-01 13:29:27,18,2649.0
808,2016-01-01 13:30:27,18,2649.0
809,2016-01-01 13:31:27,18,2653.0
810,2016-01-01 13:32:27,18,2625.99
811,2016-01-01 13:33:27,18,2625.99
812,2016-01-01 13:34:27,18,2624.0
813,2016-01-01 13:35:27,18,2625.99
814,2016-01-01 13:36:27,18,2626.99
815,2016-01-01 13:37:27,18,2629.0
816,2016-01-01 13:38:27,18,2633.0
817,2016-01-01 13:39:27,18,2630.99
818,2016-01-01 13:40:27,18,2629.0
819,2016-01-01 13:41:27,18,2596.0
820,2016-01-01 13:42:27,18,2600.0
821,2016-01-01 13:43:27,18,2604.0
822,2016-01-01 13:44:27,18,2608.0
823,2016-01-01 13:45:27,18,2607.0
824,2016-01-01 13:46:27,18,2629.0
825,2016-01-01 13:47:27,18,2633.0
826,2016-01-01 13:48:27,18,2633.0
827,2016-01-01 13:49:27,18,2628.0
828,2016-01-01 13:50:27,18,2630.99
829,2016-01-01 13:51:27,18,2637.99
830,2016-01-01 13:52:27,18,2637.0
831,2016-01-01 13:53:27,18,2640.0
832,2016-01-01 13:54:27,18,2638.99
833,2016-01-01 13:55:27,18,2638.99
834,2016-01-01 13:56:29,18,2642.9902
835,2016-01-01 13:57:29,18,2645.0
836,2016-01-01 13:58:29,18,2637.0
837,2016-01-01 13:59:29,18,2645.99
838,2016-01-01 14:00:29,19,2674.99
839,2016-01-01 14:01:30,18,2648.0
840,2016-01-01 14:02:30,18,2654.99
841,2016-01-01 14:03:30,19,2669.0
842,2016-01-01 14:04:30,18,2573.0
843,2016-01-01 14:05:30,18,2587.0
844,2016-01-01 14:06:30,18,2577.0
845,2016-01-01 14:07:30,18,2575.0
846,2016-01-01 14:08:30,18,2587.0
847,2016-01-01 14:09:30,18,2588.0
848,2016-01-01 14:10:30,18,2612.0
849,2016-01-01 14:11:30,18,2595.0
850,2016-01-01 14:12:30,18,2619.0
851,2016-01-01 14:13:30,18,2621.0
852,2016-01-01 14:14:30,18,2621.99
853,2016-01-01 14:15:30,18,2624.0
854,2016-01-01 14:16:30,18,2619.0
855,2016-01-01 14:17:30,18,2630.99
856,2016-01-01 14:18:30,18,2630.99
857,2016-01-01 14:19:29,18,2629.0
858,2016-01-01 14:20:29,19,2681.0
859,2016-01-01 14:21:29,18,2633.0
860,2016-01-01 14:22:29,18,2652.0
861,2016-01-01 14:23:29,18,2636.0
862,2016-01-01 14:24:29,18,2637.99
863,2016-01-01 14:25:29,19,2689.99
864,2016-01-01 14:26:29,18,2581.0
865,2016-01-01 14:27:29,18,2581.0
866,2016-01-01 14:28:29,18,2581.0
867,2016-01-01 14:29:29,18,2583.0
868,2016-01-01 14:30:29,18,2644.0
869,2016-01-01 14:31:29,18,2588.0
870,2016-01-01 14:32:29,18,2569.99
871,2016-01-01 14:33:29,18,2568.0
872,2016-01-01 14:34:29,18,2563.0
873,2016-01-01 14:35:29,18,2633.0
874,2016-01-01 14:36:29,18,2597.99
875,2016-01-01 14:37:29,18,2601.0
876,2016-01-01 14:38:29,18,2619.0
877,2016-01-01 14:39:29,18,2617.0
878,2016-01-01 14:40:29,18,2653.99
879,2016-01-01 14:41:29,18,2628.0
880,2016-01-01 14:42:28,18,2629.0
881,2016-01-01 14:43:28,18,2625.99
882,2016-01-01 14:44:27,18,2629.0
883,2016-01-01 14:45:27,18,2626.99
884,2016-01-01 14:46:27,18,2633.99
885,2016-01-01 14:47:27,18,2641.99
886,2016-01-01 14:48:27,18,2645.0
887,2016-01-01 14:49:27,18,2642.9902
888,2016-01-01 14:50:26,18,2644.0
889,2016-01-01 14:51:27,18,2633.99
890,2016-01-01 14:52:27,18,2611.0
891,2016-01-01 14:53:27,18,2621.99
892,2016-01-01 14:54:27,18,2621.99
893,2016-01-01 14:55:27,18,2621.99
894,2016-01-01 14:56:27,18,2645.99
895,2016-01-01 14:57:27,18,2653.0
896,2016-01-01 14:58:27,18,2604.0
897,2016-01-01 14:59:27,18,2605.99
898,2016-01-01 15:00:27,18,2605.99
899,2016-01-01 15:01:27,18,2609.99
900,2016-01-01 15:02:27,18,2609.0
901,2016-01-01 15:03:27,18,2607.0
902,2016-01-01 15:04:27,18,2605.0
903,2016-01-01 15:05:27,18,2604.0
904,2016-01-01 15:06:27,18,2611.0
905,2016-01-01 15:07:27,18,2611.0
906,2016-01-01 15:08:27,18,2609.0
907,2016-01-01 15:09:27,18,2603.0
908,2016-01-01 15:10:27,18,2601.0
909,2016-01-01 15:11:27,18,2609.99
910,2016-01-01 15:12:27,18,2621.0
911,2016-01-01 15:13:27,18,2626.99
912,2016-01-01 15:14:27,18,2625.99
913,2016-01-01 15:15:27,18,2625.0
914,2016-01-01 15:16:27,18,2597.99
915,2016-01-01 15:17:27,18,2617.0
916,2016-01-01 15:18:27,18,2621.99
917,2016-01-01 15:19:27,18,2621.0
918,2016-01-01 15:20:27,18,2625.0
919,2016-01-01 15:21:27,18,2656.0
920,2016-01-01 15:22:31,18,2629.99
921,2016-01-01 15:23:30,18,2634.99
922,2016-01-01 15:24:30,18,2634.99
923,2016-01-01 15:25:30,19,2684.0
924,2016-01-01 15:26:30,18,2637.0
925,2016-01-01 15:27:30,18,2632.0
926,2016-01-01 15:28:30,18,2630.99
927,2016-01-01 15:29:30,18,2633.99
928,2016-01-01 15:30:30,19,2688.0
929,2016-01-01 15:31:30,18,2633.0
930,2016-01-01 15:32:30,18,2633.0
931,2016-01-01 15:33:30,18,2630.99
932,2016-01-01 15:34:30,18,2629.0
933,2016-01-01 15:35:29,19,2682.99
934,2016-01-01 15:36:28,18,2633.0
935,2016-01-01 15:37:28,18,2632.0
936,2016-01-01 15:38:27,18,2633.99
937,2016-01-01 15:39:27,18,2633.0
938,2016-01-01 15:40:27,18,2629.0
939,2016-01-01 15:41:28,18,2609.0
940,2016-01-01 15:42:28,18,2616.0
941,2016-01-01 15:43:28,18,2619.0
942,2016-01-01 15:44:28,18,2621.0
943,2016-01-01 15:45:28,18,2637.0
944,2016-01-01 15:46:28,18,2646.99
945,2016-01-01 15:47:28,18,2649.0
946,2016-01-01 15:48:28,18,2648.0
947,2016-01-01 15:49:28,18,2645.0
948,2016-01-01 15:50:28,19,2698.0
949,2016-01-01 15:51:28,18,2650.99
950,2016-01-01 15:52:28,18,2652.0
951,2016-01-01 15:53:28,19,2669.0
952,2016-01-01 15:54:28,19,2669.0
953,2016-01-01 15:55:28,19,2728.0
954,2016-01-01 15:56:28,19,2673.99
955,2016-01-01 15:57:28,18,2624.0
956,2016-01-01 15:58:28,18,2617.0
957,2016-01-01 15:59:28,18,2621.0
958,2016-01-01 16:00:28,18,2629.99
959,2016-01-01 16:01:28,18,2619.0
960,2016-01-01 16:02:28,18,2616.0
961,2016-01-01 16:03:28,18,2613.99
962,2016-01-01 16:04:27,18,2612.0
963,2016-01-01 16:05:27,18,2615.0
964,2016-01-01 16:06:27,18,2621.0
965,2016-01-01 16:07:28,18,2593.99
966,2016-01-01 16:08:28,18,2591.0
967,2016-01-01 16:09:28,18,2589.0
968,2016-01-01 16:10:28,18,2595.0
969,2016-01-01 16:11:28,18,2619.0
970,2016-01-01 16:12:28,18,2637.99
971,2016-01-01 16:13:28,18,2648.0
972,2016-01-01 16:14:28,18,2648.0
973,2016-01-01 16:15:28,18,2654.99
974,2016-01-01 16:16:28,18,2646.99
975,2016-01-01 16:17:28,18,2653.0
976,2016-01-01 16:18:28,18,2654.99
977,2016-01-01 16:19:28,18,2654.99
978,2016-01-01 16:20:28,19,2660.0
979,2016-01-01 16:21:28,18,2656.0
980,2016-01-01 16:22:28,18,2653.99
981,2016-01-01 16:23:28,18,2657.0
982,2016-01-01 16:24:28,18,2657.99
983,2016-01-01 16:25:28,18,2654.99
984,2016-01-01 16:26:28,18,2633.99
985,2016-01-01 16:27:28,18,2640.0
986,2016-01-01 16:28:28,18,2581.0
987,2016-01-01 16:29:28,18,2580.0
988,2016-01-01 16:30:28,18,2595.0
989,2016-01-01 16:31:28,18,2612.0
990,2016-01-01 16:32:28,18,2595.0
991,2016-01-01 16:33:28,18,2601.99
992,2016-01-01 16:34:28,18,2601.0
993,2016-01-01 16:35:27,18,2609.0
994,2016-01-01 16:36:26,18,2645.99
995,2016-01-01 16:37:26,18,2645.0
996,2016-01-01 16:38:26,18,2644.0
997,2016-01-01 16:39:26,18,2642.9902
998,2016-01-01 16:40:26,18,2645.0
999,2016-01-01 16:41:28,18,2654.99
1000,2016-01-01 16:42:28,19,2669.99
1001,2016-01-01 16:43:28,19,2664.0
1002,2016-01-01 16:44:28,19,2681.0
1003,2016-01-01 16:45:28,19,2737.0
1004,2016-01-01 16:46:28,18,2649.0
1005,2016-01-01 16:47:28,18,2646.99
1006,2016-01-01 16:48:28,18,2645.0
1007,2016-01-01 16:49:28,18,2645.0
1008,2016-01-01 16:50:28,19,2766.0
1009,2016-01-01 16:51:28,19,2677.99
1010,2016-01-01 16:52:28,19,2746.0
1011,2016-01-01 16:53:28,19,2762.0
1012,2016-01-01 16:54:28,19,2763.99
1013,2016-01-01 16:55:28,19,2765.0
1014,2016-01-01 16:56:27,19,2771.99
1015,2016-01-01 16:57:27,19,2783.99
1016,2016-01-01 16:58:27,19,2786.0
1017,2016-01-01 16:59:27,19,2790.0
1018,2016-01-01 17:00:27,19,2790.9902
1019,2016-01-01 17:01:28,19,2795.99
1020,2016-01-01 17:02:28,20,2803.99
1021,2016-01-01 17:03:28,20,2814.0
1022,2016-01-01 17:04:28,20,2805.0
1023,2016-01-01 17:05:28,20,2865.0
1024,2016-01-01 17:06:28,20,2819.0
1025,2016-01-01 17:07:28,19,2762.0
1026,2016-01-01 17:08:28,19,2767.9902
1027,2016-01-01 17:09:28,19,2762.99
1028,2016-01-01 17:10:28,19,2782.0
1029,2016-01-01 17:11:28,19,2795.99
1030,2016-01-01 17:12:28,20,2799.99
1031,2016-01-01 17:13:28,20,2801.0
1032,2016-01-01 17:14:28,20,2803.99
1033,2016-01-01 17:15:28,20,2830.0
1034,2016-01-01 17:16:28,20,2805.0
1035,2016-01-01 17:17:28,19,2795.99
1036,2016-01-01 17:18:28,19,2795.99
1037,2016-01-01 17:19:28,19,2795.99
1038,2016-01-01 17:20:28,20,2907.0
1039,2016-01-01 17:21:28,20,2831.0
1040,2016-01-01 17:22:28,19,2786.99
1041,2016-01-01 17:23:28,19,2798.99
1042,2016-01-01 17:24:28,20,2801.0
1043,2016-01-01 17:25:27,20,2799.99
1044,2016-01-01 17:26:27,20,2831.99
1045,2016-01-01 17:27:27,20,2831.0
1046,2016-01-01 17:28:27,20,2841.0
1047,2016-01-01 17:29:27,20,2846.0
1048,2016-01-01 17:30:27,20,2847.99
1049,2016-01-01 17:31:28,20,2846.0
1050,2016-01-01 17:32:28,19,2773.0
1051,2016-01-01 17:33:28,19,2770.99
1052,2016-01-01 17:34:28,19,2770.0
1053,2016-01-01 17:35:28,20,2857.0
1054,2016-01-01 17:36:28,19,2746.99
1055,2016-01-01 17:37:28,19,2749.0
1056,2016-01-01 17:38:28,19,2762.99
1057,2016-01-01 17:39:28,19,2761.0
1058,2016-01-01 17:40:27,19,2753.0
1059,2016-01-01 17:41:27,19,2793.0
1060,2016-01-01 17:42:27,20,2814.99
1061,2016-01-01 17:43:27,20,2829.0
1062,2016-01-01 17:44:27,20,2831.0
1063,2016-01-01 17:45:26,20,2827.99
1064,2016-01-01 17:46:26,20,2831.0
1065,2016-01-01 17:47:26,20,2835.99
1066,2016-01-01 17:48:26,20,2838.0
1067,2016-01-01 17:49:26,20,2834.0
1068,2016-01-01 17:50:26,20,2838.0
1069,2016-01-01 17:51:26,20,2811.99
1070,2016-01-01 17:52:26,19,2741.0
1071,2016-01-01 17:53:26,19,2742.99
1072,2016-01-01 17:54:26,19,2742.99
1073,2016-01-01 17:55:26,19,2744.0
1074,2016-01-01 17:56:26,19,2779.99
1075,2016-01-01 17:57:27,19,2775.99
1076,2016-01-01 17:58:27,19,2769.0
1077,2016-01-01 17:59:27,19,2774.0
1078,2016-01-01 18:00:27,19,2774.99
1079,2016-01-01 18:01:27,19,2779.99
1080,2016-01-01 18:02:27,19,2778.99
1081,2016-01-01 18:03:27,19,2777.0
1082,2016-01-01 18:04:27,19,2774.99
1083,2016-01-01 18:05:27,19,2775.99
1084,2016-01-01 18:06:27,19,2750.0
1085,2016-01-01 18:07:27,19,2753.0
1086,2016-01-01 18:08:27,19,2782.0
1087,2016-01-01 18:09:27,19,2779.99
1088,2016-01-01 18:10:27,19,2778.0
1089,2016-01-01 18:11:27,20,2811.99
1090,2016-01-01 18:12:27,20,2814.0
1091,2016-01-01 18:13:27,20,2813.0
1092,2016-01-01 18:14:27,19,2786.0
1093,2016-01-01 18:15:27,19,2782.0
1094,2016-01-01 18:16:27,20,2811.99
1095,2016-01-01 18:17:29,20,2821.0
1096,2016-01-01 18:18:29,20,2822.0
1097,2016-01-01 18:19:29,20,2821.0
1098,2016-01-01 18:20:29,20,2931.99
1099,2016-01-01 18:21:29,19,2794.99
1100,2016-01-01 18:22:29,19,2789.0
1101,2016-01-01 18:23:29,19,2795.99
1102,2016-01-01 18:24:29,19,2794.0
1103,2016-01-01 18:25:29,21,2972.0
1104,2016-01-01 18:26:28,20,2834.0
1105,2016-01-01 18:27:27,20,2831.99
1106,2016-01-01 18:28:27,20,2829.0
1107,2016-01-01 18:29:27,20,2830.0
1108,2016-01-01 18:30:27,20,2831.99
1109,2016-01-01 18:31:27,20,2835.0
1110,2016-01-01 18:32:27,20,2837.0
1111,2016-01-01 18:33:27,20,2827.99
1112,2016-01-01 18:34:27,20,2827.0
1113,2016-01-01 18:35:27,19,2797.0
1114,2016-01-01 18:36:27,20,2806.0
1115,2016-01-01 18:37:27,19,2798.0
1116,2016-01-01 18:38:27,20,2801.0
1117,2016-01-01 18:39:27,19,2798.99
1118,2016-01-01 18:40:27,19,2798.0
1119,2016-01-01 18:41:27,20,2845.0
1120,2016-01-01 18:42:28,19,2787.99
1121,2016-01-01 18:43:28,19,2783.99
1122,2016-01-01 18:44:28,19,2786.99
1123,2016-01-01 18:45:28,20,2846.0
1124,2016-01-01 18:46:28,19,2786.99
1125,2016-01-01 18:47:28,19,2786.99
1126,2016-01-01 18:48:28,19,2790.9902
1127,2016-01-01 18:49:28,19,2789.0
1128,2016-01-01 18:50:28,20,2802.0
1129,2016-01-01 18:51:28,19,2782.99
1130,2016-01-01 18:52:28,19,2774.99
1131,2016-01-01 18:53:28,19,2793.0
1132,2016-01-01 18:54:28,19,2794.99
1133,2016-01-01 18:55:28,20,2892.9902
1134,2016-01-01 18:56:28,20,2827.0
1135,2016-01-01 18:57:28,20,2837.0
1136,2016-01-01 18:58:28,20,2841.0
1137,2016-01-01 18:59:28,20,2845.0
1138,2016-01-01 19:00:28,20,2853.0
1139,2016-01-01 19:01:28,20,2825.0
1140,2016-01-01 19:02:28,19,2742.0
1141,2016-01-01 19:03:28,19,2738.0
1142,2016-01-01 19:04:28,19,2734.99
1143,2016-01-01 19:05:28,20,2821.0
1144,2016-01-01 19:06:28,19,2783.99
1145,2016-01-01 19:07:28,19,2782.0
1146,2016-01-01 19:08:28,19,2785.0
1147,2016-01-01 19:09:28,19,2778.99
1148,2016-01-01 19:10:28,19,2778.0
1149,2016-01-01 19:11:28,19,2787.99
1150,2016-01-01 19:12:28,20,2801.0
1151,2016-01-01 19:13:28,19,2799.99
1152,2016-01-01 19:14:28,20,2802.99
1153,2016-01-01 19:15:28,20,2842.0
1154,2016-01-01 19:16:28,19,2799.99
1155,2016-01-01 19:17:28,19,2779.99
1156,2016-01-01 19:18:28,19,2787.99
1157,2016-01-01 19:19:28,19,2787.99
1158,2016-01-01 19:20:28,20,2896.99
1159,2016-01-01 19:21:28,20,2827.0
1160,2016-01-01 19:22:28,20,2829.0
1161,2016-01-01 19:23:28,20,2842.0
1162,2016-01-01 19:24:28,20,2845.0
1163,2016-01-01 19:25:28,20,2896.99
1164,2016-01-01 19:26:28,20,2814.99
1165,2016-01-01 19:27:28,20,2819.99
1166,2016-01-01 19:28:28,19,2758.0
1167,2016-01-01 19:29:28,19,2758.0
1168,2016-01-01 19:30:28,19,2769.0
1169,2016-01-01 19:31:28,19,2789.0
1170,2016-01-01 19:32:28,19,2763.99
1171,2016-01-01 19:33:28,19,2761.0
1172,2016-01-01 19:34:28,19,2759.99
1173,2016-01-01 19:35:28,20,2854.0
1174,2016-01-01 19:36:28,20,2799.99
1175,2016-01-01 19:37:28,19,2793.0
1176,2016-01-01 19:38:28,19,2793.0
1177,2016-01-01 19:39:28,19,2790.0
1178,2016-01-01 19:40:28,19,2793.0
1179,2016-01-01 19:41:28,19,2793.0
1180,2016-01-01 19:42:28,19,2794.99
1181,2016-01-01 19:43:28,19,2794.99
1182,2016-01-01 19:44:28,19,2766.0
1183,2016-01-01 19:45:28,19,2777.0
1184,2016-01-01 19:46:28,19,2798.99
1185,2016-01-01 19:47:28,19,2770.0
1186,2016-01-01 19:48:28,19,2770.99
1187,2016-01-01 19:49:28,19,2767.9902
1188,2016-01-01 19:50:28,20,2887.0
1189,2016-01-01 19:51:28,19,2775.99
1190,2016-01-01 19:52:28,19,2779.99
1191,2016-01-01 19:53:28,19,2786.99
1192,2016-01-01 19:54:28,19,2790.0
1193,2016-01-01 19:55:28,20,2805.0
1194,2016-01-01 19:56:28,20,2827.0
1195,2016-01-01 19:57:28,20,2823.99
1196,2016-01-01 19:58:28,20,2834.0
1197,2016-01-01 19:59:28,20,2835.99
1198,2016-01-01 20:00:28,20,2839.0
1199,2016-01-01 20:01:28,20,2817.0
1200,2016-01-01 20:02:28,20,2810.99
1201,2016-01-01 20:03:28,20,2807.99
1202,2016-01-01 20:04:28,20,2806.0
1203,2016-01-01 20:05:28,20,2835.99
1204,2016-01-01 20:06:28,20,2854.0
1205,2016-01-01 20:07:28,20,2859.99
1206,2016-01-01 20:08:28,20,2875.99
1207,2016-01-01 20:09:28,20,2873.0
1208,2016-01-01 20:10:28,21,2944.0
1209,2016-01-01 20:11:28,20,2876.99
1210,2016-01-01 20:12:29,20,2876.99
1211,2016-01-01 20:13:29,19,2774.0
1212,2016-01-01 20:14:29,19,2775.99
1213,2016-01-01 20:15:29,20,2802.99
1214,2016-01-01 20:16:29,19,2774.99
1215,2016-01-01 20:17:29,19,2753.0
1216,2016-01-01 20:18:29,19,2758.99
1217,2016-01-01 20:19:29,19,2758.0
1218,2016-01-01 20:20:29,20,2841.0
1219,2016-01-01 20:21:29,19,2794.99
1220,2016-01-01 20:22:29,19,2793.0
1221,2016-01-01 20:23:29,20,2805.0
1222,2016-01-01 20:24:29,20,2803.99
1223,2016-01-01 20:25:29,20,2879.0
1224,2016-01-01 20:26:29,19,2781.0
1225,2016-01-01 20:27:29,19,2778.99
1226,2016-01-01 20:28:29,19,2790.0
1227,2016-01-01 20:29:29,19,2798.0
1228,2016-01-01 20:30:29,21,3020.0
1229,2016-01-01 20:31:29,20,2838.0
1230,2016-01-01 20:32:29,20,2858.0
1231,2016-01-01 20:33:29,20,2850.0
1232,2016-01-01 20:34:29,20,2849.0
1233,2016-01-01 20:35:29,21,2994.0
1234,2016-01-01 20:36:29,20,2855.99
1235,2016-01-01 20:37:29,20,2835.0
1236,2016-01-01 20:38:29,20,2846.0
1237,2016-01-01 20:39:29,20,2845.0
1238,2016-01-01 20:40:29,20,2930.0
1239,2016-01-01 20:41:29,20,2886.0
1240,2016-01-01 20:42:29,20,2883.0
1241,2016-01-01 20:43:29,20,2882.0
1242,2016-01-01 20:44:29,20,2850.0
1243,2016-01-01 20:45:29,21,2942.0
1244,2016-01-01 20:46:29,20,2880.99
1245,2016-01-01 20:47:29,20,2858.0
1246,2016-01-01 20:48:29,20,2858.0
1247,2016-01-01 20:49:29,20,2855.99
1248,2016-01-01 20:50:29,21,3065.99
1249,2016-01-01 20:51:29,19,2781.0
1250,2016-01-01 20:52:29,19,2766.99
1251,2016-01-01 20:53:29,19,2773.0
1252,2016-01-01 20:54:29,19,2773.0
1253,2016-01-01 20:55:29,21,2951.0
1254,2016-01-01 20:56:29,19,2750.0
1255,2016-01-01 20:57:29,19,2746.0
1256,2016-01-01 20:58:29,19,2751.99
1257,2016-01-01 20:59:29,19,2758.99
1258,2016-01-01 21:00:29,20,2862.0
1259,2016-01-01 21:01:29,19,2794.0
1260,2016-01-01 21:02:29,20,2810.0
1261,2016-01-01 21:03:29,20,2814.99
1262,2016-01-01 21:04:29,20,2809.0
1263,2016-01-01 21:05:29,20,2880.99
1264,2016-01-01 21:06:29,19,2794.0
1265,2016-01-01 21:07:29,20,2807.99
1266,2016-01-01 21:08:29,20,2818.0
1267,2016-01-01 21:09:29,20,2810.99
1268,2016-01-01 21:10:29,20,2904.99
1269,2016-01-01 21:11:29,20,2854.0
1270,2016-01-01 21:12:29,20,2855.99
1271,2016-01-01 21:13:29,20,2851.0
1272,2016-01-01 21:14:28,20,2855.0
1273,2016-01-01 21:15:28,20,2851.99
1274,2016-01-01 21:16:28,20,2819.99
1275,2016-01-01 21:17:28,20,2839.99
1276,2016-01-01 21:18:28,20,2843.0
1277,2016-01-01 21:19:28,20,2843.99
1278,2016-01-01 21:20:28,20,2859.99
1279,2016-01-01 21:21:28,20,2880.99
1280,2016-01-01 21:22:28,20,2875.0
1281,2016-01-01 21:23:28,20,2882.0
1282,2016-01-01 21:24:28,20,2884.99
1283,2016-01-01 21:25:28,20,2883.99
1284,2016-01-01 21:26:28,20,2859.0
1285,2016-01-01 21:27:28,20,2855.99
1286,2016-01-01 21:28:28,20,2853.0
1287,2016-01-01 21:29:28,20,2859.0
1288,2016-01-01 21:30:28,20,2874.0
1289,2016-01-01 21:31:28,20,2894.0
1290,2016-01-01 21:32:28,20,2803.99
1291,2016-01-01 21:33:28,20,2805.0
1292,2016-01-01 21:34:28,20,2806.0
1293,2016-01-01 21:35:28,20,2826.0
1294,2016-01-01 21:36:28,20,2819.99
1295,2016-01-01 21:37:28,20,2811.99
1296,2016-01-01 21:38:28,20,2818.0
1297,2016-01-01 21:39:28,20,2814.99
1298,2016-01-01 21:40:28,20,2829.0
1299,2016-01-01 21:41:28,20,2850.0
1300,2016-01-01 21:42:28,20,2851.99
1301,2016-01-01 21:43:28,20,2847.99
1302,2016-01-01 21:44:28,20,2847.99
1303,2016-01-01 21:45:28,20,2854.0
1304,2016-01-01 21:46:28,20,2819.99
1305,2016-01-01 21:47:28,20,2821.0
1306,2016-01-01 21:48:28,20,2821.0
1307,2016-01-01 21:49:28,20,2817.0
1308,2016-01-01 21:50:28,20,2835.0
1309,2016-01-01 21:51:28,20,2857.0
1310,2016-01-01 21:52:28,20,2851.99
1311,2016-01-01 21:53:28,20,2853.0
1312,2016-01-01 21:54:28,20,2855.0
1313,2016-01-01 21:55:28,20,2874.0
1314,2016-01-01 21:56:28,20,2829.0
1315,2016-01-01 21:57:28,20,2818.0
1316,2016-01-01 21:58:28,20,2823.99
1317,2016-01-01 21:59:28,20,2833.0
1318,2016-01-01 22:00:28,20,2835.0
1319,2016-01-01 22:01:28,20,2867.0
1320,2016-01-01 22:02:28,20,2866.0
1321,2016-01-01 22:03:28,20,2862.0
1322,2016-01-01 22:04:28,20,2862.0
1323,2016-01-01 22:05:28,20,2839.99
1324,2016-01-01 22:06:28,20,2874.0
1325,2016-01-01 22:07:28,20,2843.0
1326,2016-01-01 22:08:28,20,2847.0
1327,2016-01-01 22:09:28,20,2846.0
1328,2016-01-01 22:10:28,20,2888.99
1329,2016-01-01 22:11:28,20,2883.0
1330,2016-01-01 22:12:28,20,2884.99
1331,2016-01-01 22:13:28,20,2883.99
1332,2016-01-01 22:14:28,20,2884.99
1333,2016-01-01 22:15:28,21,2960.0
1334,2016-01-01 22:16:29,20,2883.99
1335,2016-01-01 22:17:29,20,2818.0
1336,2016-01-01 22:18:29,20,2819.99
1337,2016-01-01 22:19:29,20,2818.0
1338,2016-01-01 22:20:29,20,2911.0
1339,2016-01-01 22:21:29,19,2790.9902
1340,2016-01-01 22:22:29,19,2782.0
1341,2016-01-01 22:23:29,19,2790.0
1342,2016-01-01 22:24:29,19,2789.0
1343,2016-01-01 22:25:29,21,2948.0
1344,2016-01-01 22:26:29,20,2831.99
1345,2016-01-01 22:27:29,20,2825.0
1346,2016-01-01 22:28:29,20,2823.99
1347,2016-01-01 22:29:29,20,2831.0
1348,2016-01-01 22:30:29,21,2966.0
1349,2016-01-01 22:31:29,20,2802.99
1350,2016-01-01 22:32:28,20,2801.0
1351,2016-01-01 22:33:28,20,2803.99
1352,2016-01-01 22:34:27,20,2802.99
1353,2016-01-01 22:35:27,20,2807.99
1354,2016-01-01 22:36:27,20,2843.0
1355,2016-01-01 22:37:27,20,2850.0
1356,2016-01-01 22:38:27,20,2834.0
1357,2016-01-01 22:39:27,20,2834.0
1358,2016-01-01 22:40:27,20,2831.99
1359,2016-01-01 22:41:27,20,2867.0
1360,2016-01-01 22:42:27,20,2886.0
1361,2016-01-01 22:43:27,20,2886.0
1362,2016-01-01 22:44:27,20,2890.0
1363,2016-01-01 22:45:27,20,2890.0
1364,2016-01-01 22:46:27,20,2887.99
1365,2016-01-01 22:47:27,20,2896.99
1366,2016-01-01 22:48:27,20,2895.99
1367,2016-01-01 22:49:27,20,2895.0
1368,2016-01-01 22:50:27,20,2896.99
1369,2016-01-01 22:51:27,20,2899.0
1370,2016-01-01 22:52:27,20,2899.0
1371,2016-01-01 22:53:27,20,2902.0
1372,2016-01-01 22:54:27,20,2903.99
1373,2016-01-01 22:55:27,20,2899.0
1374,2016-01-01 22:56:27,20,2879.99
1375,2016-01-01 22:57:28,20,2802.0
1376,2016-01-01 22:58:28,20,2799.99
1377,2016-01-01 22:59:28,20,2803.99
1378,2016-01-01 23:00:28,20,2871.0
1379,2016-01-01 23:01:28,20,2839.0
1380,2016-01-01 23:02:28,20,2853.0
1381,2016-01-01 23:03:28,20,2850.0
1382,2016-01-01 23:04:28,20,2845.0
1383,2016-01-01 23:05:28,20,2861.0
1384,2016-01-01 23:06:28,20,2858.0
1385,2016-01-01 23:07:28,20,2863.99
1386,2016-01-01 23:08:29,20,2867.0
1387,2016-01-01 23:09:29,20,2863.99
1388,2016-01-01 23:10:29,21,2998.0
1389,2016-01-01 23:11:29,20,2870.0
1390,2016-01-01 23:12:29,20,2873.0
1391,2016-01-01 23:13:29,20,2869.0
1392,2016-01-01 23:14:29,20,2874.0
1393,2016-01-01 23:15:29,21,2944.99
1394,2016-01-01 23:16:29,20,2871.99
1395,2016-01-01 23:17:29,20,2876.99
1396,2016-01-01 23:18:29,20,2883.0
1397,2016-01-01 23:19:29,20,2882.0
1398,2016-01-01 23:20:29,21,2948.99
1399,2016-01-01 23:21:29,20,2875.0
1400,2016-01-01 23:22:29,20,2869.0
1401,2016-01-01 23:23:29,20,2851.0
1402,2016-01-01 23:24:29,20,2850.0
1403,2016-01-01 23:25:29,20,2908.99
1404,2016-01-01 23:26:29,20,2887.0
1405,2016-01-01 23:27:29,20,2886.0
1406,2016-01-01 23:28:29,20,2884.99
1407,2016-01-01 23:29:29,20,2888.99
1408,2016-01-01 23:30:29,21,2966.0
1409,2016-01-01 23:31:29,20,2891.0
1410,2016-01-01 23:32:29,20,2875.99
1411,2016-01-01 23:33:29,20,2886.0
1412,2016-01-01 23:34:29,19,2702.0
1413,2016-01-01 23:35:29,20,2814.99
1414,2016-01-01 23:36:29,19,2744.0
1415,2016-01-01 23:37:28,19,2742.0
1416,2016-01-01 23:38:28,19,2706.99
1417,2016-01-01 23:39:27,19,2704.0
1418,2016-01-01 23:40:27,19,2702.0
1419,2016-01-01 23:41:27,19,2710.0
1420,2016-01-01 23:42:27,19,2709.0
1421,2016-01-01 23:43:28,19,2718.99
1422,2016-01-01 23:44:28,19,2721.0
1423,2016-01-01 23:45:29,20,2826.0
1424,2016-01-01 23:46:29,19,2746.0
1425,2016-01-01 23:47:29,19,2749.0
1426,2016-01-01 23:48:29,19,2746.99
1427,2016-01-01 23:49:29,19,2749.0
1428,2016-01-01 23:50:29,20,2837.0
1429,2016-01-01 23:51:29,19,2755.99
1430,2016-01-01 23:52:29,19,2750.99
1431,2016-01-01 23:53:29,19,2750.0
1432,2016-01-01 23:54:29,19,2753.0
1433,2016-01-01 23:55:29,20,2865.0
1434,2016-01-01 23:56:29,19,2766.99
1435,2016-01-01 23:57:29,19,2790.9902
1436,2016-01-01 23:58:29,20,2809.0
1437,2016-01-01 23:59:29,20,2813.0
1438,2016-01-02 00:00:29,20,2875.0
1439,2016-01-02 00:01:29,20,2810.99
1440,2016-01-02 00:02:29,20,2802.0
1441,2016-01-02 00:03:28,20,2818.0
1442,2016-01-02 00:04:28,20,2818.0
1443,2016-01-02 00:05:28,20,2834.0
1444,2016-01-02 00:06:28,20,2855.99
1445,2016-01-02 00:07:28,20,2875.99
1446,2016-01-02 00:08:28,20,2891.0
1447,2016-01-02 00:09:28,20,2890.0
1448,2016-01-02 00:10:28,20,2899.0
1449,2016-01-02 00:11:28,20,2891.99
1450,2016-01-02 00:12:28,20,2899.99
1451,2016-01-02 00:13:28,20,2899.99
1452,2016-01-02 00:14:28,20,2903.0
1453,2016-01-02 00:15:28,20,2911.0
1454,2016-01-02 00:16:28,20,2904.99
1455,2016-01-02 00:17:28,20,2931.0
1456,2016-01-02 00:18:28,20,2934.0
1457,2016-01-02 00:19:28,20,2934.0
1458,2016-01-02 00:20:28,21,2944.0
1459,2016-01-02 00:21:28,20,2939.0
1460,2016-01-02 00:22:28,21,2942.0
1461,2016-01-02 00:23:28,19,2785.0
1462,2016-01-02 00:24:28,19,2781.0
1463,2016-01-02 00:25:28,19,2781.0
1464,2016-01-02 00:26:28,19,2790.0
1465,2016-01-02 00:27:28,19,2791.99
1466,2016-01-02 00:28:28,19,2795.99
1467,2016-01-02 00:29:28,19,2797.0
1468,2016-01-02 00:30:28,20,2802.0
1469,2016-01-02 00:31:28,20,2802.0
1470,2016-01-02 00:32:28,20,2805.0
1471,2016-01-02 00:33:28,20,2806.0
1472,2016-01-02 00:34:28,20,2819.0
1473,2016-01-02 00:35:28,20,2831.0
1474,2016-01-02 00:36:28,20,2826.0
1475,2016-01-02 00:37:28,20,2831.99
1476,2016-01-02 00:38:28,20,2814.0
1477,2016-01-02 00:39:28,20,2814.0
1478,2016-01-02 00:40:28,20,2819.0
1479,2016-01-02 00:41:28,20,2823.99
1480,2016-01-02 00:42:28,20,2823.99
1481,2016-01-02 00:43:28,20,2825.0
1482,2016-01-02 00:44:28,20,2827.99
1483,2016-01-02 00:45:28,20,2835.99
1484,2016-01-02 00:46:28,20,2827.0
1485,2016-01-02 00:47:28,20,2847.99
1486,2016-01-02 00:48:28,20,2857.0
1487,2016-01-02 00:49:28,20,2857.0
1488,2016-01-02 00:50:28,20,2869.0
1489,2016-01-02 00:51:28,20,2855.0
1490,2016-01-02 00:52:28,20,2861.0
1491,2016-01-02 00:53:28,20,2866.0
1492,2016-01-02 00:54:28,20,2866.0
1493,2016-01-02 00:55:28,20,2890.0
1494,2016-01-02 00:56:28,20,2871.99
1495,2016-01-02 00:57:28,20,2874.0
1496,2016-01-02 00:58:28,20,2873.0
1497,2016-01-02 00:59:28,20,2875.0
1498,2016-01-02 01:00:28,20,2880.99
1499,2016-01-02 01:01:28,20,2876.99
